plant_normalized,plant_text,page_type,section,months,entry_count,actions
ACHILLEA_YARROW,Achillea (Yarrow),ornamentals,HARDY PERENNIALS,JUNE,1,JUNE: Achillea (Yarrow) — — Beginning; excellent 🌸 pollinator plant
ACHILLEA_KNIPHOFIA_RED_HOT_POKER,Achillea / Kniphofia (Red Hot Poker),ornamentals,HARDY PERENNIALS,JULY,1,JULY: Achillea / Kniphofia (Red Hot Poker) — — Peak; deadhead ✄ to 🌸 extend
AGAPANTHUS_CROCOSMIA_GUNNERA,Agapanthus / Crocosmia / Gunnera,ornamentals,HARDY PERENNIALS,OCTOBER,1,OCTOBER: Agapanthus / Crocosmia / Gunnera — — Mulch crowns with 🌲 straw — borderline hardy
AGAPANTHUS_VERONICASTRUM_PENSTEMON_SHASTA_DAISY,Agapanthus / Veronicastrum / Penstemon / Shasta Daisy,ornamentals,HARDY PERENNIALS,JULY,1,JULY: Agapanthus / Veronicastrum / Penstemon / Shasta Daisy — — Blooming — pollinator 🌸 paradise
ALL_ANNUALS,All annuals,ornamentals,ANNUAL FLOWERS,OCTOBER; NOVEMBER; DECEMBER,3,OCTOBER: All annuals — — ❄ Remove frost-killed annuals; compost healthy material. Leave self- seeder seeds on soil. || NOVEMBER: All annuals — — None. Clean beds. Mulch annual beds for spring. || DECEMBER: All annuals — — None. Beds resting.
ALL_CLIMBERS,All climbers,ornamentals,CLIMBING VINES,SEPTEMBER; OCTOBER; NOVEMBER; DECEMBER,4,SEPTEMBER: All climbers — — Cut only excessively long shoots — no hard prune. || OCTOBER: All climbers — — Tidy rose ties. Do NOT prune Wisteria or || NOVEMBER: All climbers — — Clean up dead annual vines. Secure permanent vine supports for winter storms. || DECEMBER: All climbers — — Dormant. Check and tighten ties and supports during winter storms.
ALL_DORMANT_UNDERGROUND_STORED_DAHLIA_TUBERS_GLADIOLUS_CORMS,All dormant underground Stored Dahlia tubers / Gladiolus corms,ornamentals,BULBS & CORMS,NOVEMBER,1,NOVEMBER: All dormant underground Stored Dahlia tubers / Gladiolus corms — — Check stored bulbs for rot; remove soft areas
ALL_HERBS,All herbs,edibles,HERBS,AUGUST,1,"AUGUST: All herbs — — Full harvest; dry 🌾 oregano, thyme, rosemary now"
ALL_LEGUMES_GRAINS,All legumes & grains,edibles,LEGUMES & GRAINS,JANUARY; FEBRUARY; NOVEMBER,3,JANUARY: All legumes & grains — — Nothing this month; plan rotations || FEBRUARY: All legumes & grains — — Nothing this month || NOVEMBER: All legumes & grains — — Nothing to sow or harvest this month
ALL_PERENNIAL_STEMS,All perennial stems,ornamentals,HARDY PERENNIALS,DECEMBER,1,DECEMBER: All perennial stems — — Leave all stems standing — insect overwintering habitat
ALL_ROOT_CROPS,All root crops,edibles,ROOTS & TUBERS,FEBRUARY,1,FEBRUARY: All root crops — — Too early to sow. Check cold storage.
ALLIUM_CENTAUREA,Allium / Centaurea,ornamentals,HARDY PERENNIALS,MAY,1,MAY: Allium / Centaurea — — Beginning to bloom🌸
ALLIUM_IRIS_SWEET_PEA_LUPINE_FOXGLOVE_SALVIA,Allium / Iris / Sweet Pea / Lupine / Foxglove / Salvia,ornamentals,CUT FLOWERS,JUNE,1,JUNE: Allium / Iris / Sweet Pea / Lupine / Foxglove / Salvia — — Excellent cutting; 🌸 harvest in morning
ALLIUM_LATE_IRIS_FIRST_LILY_BUDS,Allium / late Iris / first Lily buds,ornamentals,BULBS & CORMS,JUNE,1,JUNE: Allium / late Iris / first Lily buds — — Blooming; stake tall 🌸
ALLIUM_GLADIOLUS,Allium Gladiolus,ornamentals,BULBS & CORMS,JUNE,1,JUNE: Allium Gladiolus — — Growing strongly; stake tall varieties
AMARYLLIS_FORCED_INDOORS,"Amaryllis (forced, indoors)",ornamentals,CUT FLOWERS,JANUARY,1,"JANUARY: Amaryllis (forced, indoors) — — Blooming indoors; 🌸 stake tall stems"
ANEMONE_CORMS,Anemone corms,ornamentals,BULBS & CORMS,FEBRUARY,1,FEBRUARY: Anemone corms — Plant outdoors (if not 🍅 frozen) —
APPLE_PEAR,Apple / Pear,edibles,FRUITS & BERRIES,MAY; JUNE; DECEMBER,3,MAY: Apple / Pear — — Thin fruitlets late May (June drop) || JUNE: Apple / Pear — — Thin clusters to 1 fruit per spur || DECEMBER: Apple / Pear — — ✄ Dormant pruning Dec–
APPLE_PEAR_CHERRY,Apple / Pear / Cherry,edibles,FRUITS & BERRIES,MARCH,1,MARCH: Apple / Pear / Cherry — — Apply dormant oil spray now
APPLE_PEAR_PLUM_CHERRY,Apple / Pear / Plum / Cherry,edibles,FRUITS & BERRIES,JANUARY; FEBRUARY,2,JANUARY: Apple / Pear / Plum / Cherry — — ✄ Prune dormant trees Jan–Feb || FEBRUARY: Apple / Pear / Plum / Cherry — — ✄ Prune before bud break (Feb)
APPLES_LATE_PEARS_QUINCE,Apples (late) / Pears / Quince,edibles,FRUITS & BERRIES,OCTOBER,1,OCTOBER: Apples (late) / Pears / Quince — — Last harvest; store in 🌾 cool dark place
APPLES_MAIN_SEASON_PEARS_GRAPES_LATE_SEP,Apples (main season) / Pears / Grapes (late Sep),edibles,FRUITS & BERRIES,SEPTEMBER,1,SEPTEMBER: Apples (main season) / Pears / Grapes (late Sep) — — Main apple harvest; 🌾 store carefully
APPRECIATE_THE_QUIET_SEASON,Appreciate the quiet season.,ornamentals,ANNUAL FLOWERS,DECEMBER,1,DECEMBER: Appreciate the quiet season.
AQUILEGIA_GERANIUM_LUPINE_IRIS,Aquilegia / Geranium / Lupine / Iris,ornamentals,HARDY PERENNIALS,MAY,1,MAY: Aquilegia / Geranium / Lupine / Iris — — Blooming — peak early🌸 perennials
ARTICHOKE,Artichoke,edibles,PERENNIAL EDIBLES,APRIL; MAY; JUNE; JULY; AUGUST; NOVEMBER,6,APRIL: Artichoke — → Transplant 🌍 🌍 outdoors late Apr — || MAY: Artichoke — — Establishing in garden || JUNE: Artichoke — — Buds forming late June || JULY: Artichoke — — Harvest heads before 🌾 fully open || AUGUST: Artichoke — — Second flush of heads🌾 || NOVEMBER: Artichoke — — Crowns mulched with 🌲 straw ❄
ARTICHOKE_CROWNS,Artichoke crowns,edibles,PERENNIAL EDIBLES,OCTOBER,1,OCTOBER: Artichoke crowns — — Mulch deeply — 🌲 borderline hardy ❄
ASIAN_GREENS_CLAYTONIA,Asian Greens / Claytonia,edibles,VEGETABLES,SEPTEMBER,1,SEPTEMBER: Asian Greens / Claytonia — Direct sow Wk 2–3🌿 —
ASPARAGUS,Asparagus,edibles,PERENNIAL EDIBLES,JANUARY; FEBRUARY; APRIL; MAY; JUNE; OCTOBER; NOVEMBER,7,JANUARY: Asparagus — — Fully dormant ❄ || FEBRUARY: Asparagus — — Still dormant ❄ || APRIL: Asparagus — — Harvest begins Wk 3–4🌾 || MAY: Asparagus — — Full harvest — pick 🌾 daily || JUNE: Asparagus — — ✄ Stop harvesting Wk 1– 2; allow fern growth || OCTOBER: Asparagus — — Mulch with straw Wk 🌲 3–4 || NOVEMBER: Asparagus — — Mulch with straw; 🌲 leave ferns standing
ASPARAGUS_CROWNS,Asparagus crowns,edibles,PERENNIAL EDIBLES,MARCH; SEPTEMBER,2,MARCH: Asparagus crowns — Plant late Mar (if workable) — || SEPTEMBER: Asparagus crowns — Plant Sept–Oct —
ASTER_TRICYRTIS_TOAD_LILY_PERSICARIA,Aster / Tricyrtis (Toad Lily) / Persicaria,ornamentals,HARDY PERENNIALS,SEPTEMBER,1,SEPTEMBER: Aster / Tricyrtis (Toad Lily) / Persicaria — — Beautiful autumn 🌸 additions
ASTER_SUBSPICATUS_GOLDENROD,Aster subspicatus / Goldenrod,ornamentals,BC NATIVE PLANTS,SEPTEMBER,1,SEPTEMBER: Aster subspicatus / Goldenrod — — Autumn native bloom🌸
AUG,Aug),edibles,FRUITS & BERRIES,AUGUST,1,AUGUST: Aug) — — First apples ready; 🌾 pears soon
BARE_ROOT_FRUIT_STOCK,Bare-root fruit stock,edibles,FRUITS & BERRIES,JANUARY,1,JANUARY: Bare-root fruit stock — — Order from nursery now
BARE_ROOT_FRUIT_TREES_CANES,Bare-root fruit trees / canes,edibles,FRUITS & BERRIES,NOVEMBER,1,NOVEMBER: Bare-root fruit trees / canes — Plant Nov–Feb (ideal) —
BARE_ROOT_TREES_AND_CANES,Bare-root trees and canes,edibles,FRUITS & BERRIES,DECEMBER,1,DECEMBER: Bare-root trees and canes — Plant in mild spells Dec– Feb —
BASIL,Basil,edibles,HERBS,FEBRUARY; MARCH; MAY; JUNE; JULY,5,"FEBRUARY: Basil Wk 4 (under lights, warm) — — || MARCH: Basil Wk 1–2 (indoors only) — — || MAY: Basil — → Transplant Wk 2 🌍 🌍 (soil must be warm) — || JUNE: Basil — — ✄ Pinch flowers to prolong leaf harvest || JULY: Basil — — ✄ Pinch flowers continuously to prevent bolt"
BASIL_DILL_CILANTRO_PARSLEY_THYME_OREGANO_MINT,Basil / Dill / Cilantro / Parsley / Thyme / Oregano / Mint,edibles,HERBS,JULY,1,JULY: Basil / Dill / Cilantro / Parsley / Thyme / Oregano / Mint — — Full harvest; dry and 🌾 freeze surplus
BEANS_FRENCH_RUNNER,Beans (French / Runner),edibles,VEGETABLES,MAY,1,MAY: Beans (French / Runner) — Direct sow Wk 2–4🌿 —
BEANS_FRENCH_RUNNER_EDAMAME,Beans (French / Runner) / Edamame,edibles,LEGUMES & GRAINS,MAY,1,MAY: Beans (French / Runner) / Edamame — Direct sow Wk 2–4🌿 —
BEANS_FOR_FALL_LETTUCE_BOLT_RESISTANT,Beans (for fall) / Lettuce (bolt-resistant),edibles,VEGETABLES,JULY,1,JULY: Beans (for fall) / Lettuce (bolt-resistant) — Succession Wk 1–2 🌿 only —
BEANS_FULL_HARVEST,Beans (full harvest),edibles,LEGUMES & GRAINS,AUGUST,1,AUGUST: Beans (full harvest) — — Leave some pods to 🌾 dry for seed/storage
BEETS_CARROTS_KALE_CHARD,Beets / Carrots / Kale / Chard,edibles,VEGETABLES,JULY,1,JULY: Beets / Carrots / Kale / Chard — Wk 1–2 (last chance 🌿 for Kale/Chard) —
BEETS_CARROTS_LETTUCE_CHARD_KALE,Beets / Carrots / Lettuce / Chard / Kale,edibles,VEGETABLES,MAY,1,MAY: Beets / Carrots / Lettuce / Chard / Kale — Succession sow Wk 1–🌿 4 —
BEETS_CARROTS_PARSNIPS,Beets / Carrots / Parsnips,edibles,VEGETABLES,OCTOBER,1,OCTOBER: Beets / Carrots / Parsnips — — Harvest; store in damp🌾 sand
BEETS_CARROTS_PARSNIPS_KALE_CHARD_LEEKS,Beets / Carrots / Parsnips / Kale / Chard / Leeks,edibles,VEGETABLES,SEPTEMBER,1,SEPTEMBER: Beets / Carrots / Parsnips / Kale / Chard / Leeks — — Continuing harvest🌾
BLEEDING_HEART_DICENTRA_PACIFIC_TRILLIUM,Bleeding Heart (Dicentra) / Pacific Trillium,ornamentals,BC NATIVE PLANTS,APRIL,1,APRIL: Bleeding Heart (Dicentra) / Pacific Trillium — — Blooming in shaded 🌸 spots
BLUEBERRIES,Blueberries,edibles,FRUITS & BERRIES,MARCH,1,MARCH: Blueberries — — ✄ Prune Mar; apply dormant spray
BLUEBERRIES_MID_JULY_ONWARD,Blueberries (mid-July onward),edibles,FRUITS & BERRIES,JULY,1,JULY: Blueberries (mid-July onward) — — Peak harvest; pick 🌾 daily
BLUEBERRIES_PEAK_AUGUST,Blueberries (peak August),edibles,FRUITS & BERRIES,AUGUST,1,AUGUST: Blueberries (peak August) — — Best month for 🌾 blueberries
BLUEBERRIES_CURRANTS,Blueberries / Currants,edibles,FRUITS & BERRIES,APRIL,1,APRIL: Blueberries / Currants — — New growth beginning; feed now
BLUEBERRIES_GOOSEBERRIES,Blueberries / Gooseberries,edibles,FRUITS & BERRIES,MAY,1,MAY: Blueberries / Gooseberries — — Flowering; set fruit🌸
BORDERLINE_HARDY_SHRUBS_CEANOTHUS_ABUTILON,"Borderline-hardy shrubs (Ceanothus, Abutilon)",ornamentals,SHRUBS & TREES (Ornamental),OCTOBER,1,"OCTOBER: Borderline-hardy shrubs (Ceanothus, Abutilon) — — Mulch base deeply; do 🌲"
BROAD_BEANS,Broad Beans,edibles,LEGUMES & GRAINS,MAY,1,MAY: Broad Beans — — In flower — pinch tops 🌸 to deter blackfly
BROAD_BEANS_FAVA,Broad Beans (Fava),edibles,VEGETABLES,MARCH,2,MARCH: Broad Beans (Fava) — Wk 3–4 ❄🌿 —
BROCCOLI_CAULIFLOWER_CABBAGE,Broccoli / Cauliflower / Cabbage,edibles,VEGETABLES,MARCH,1,MARCH: Broccoli / Cauliflower / Cabbage Wk 1 — —
BROCCOLI_KALE_STARTS_TO_PROTECTED_BEDS,Broccoli / Kale (starts to protected beds),edibles,VEGETABLES,SEPTEMBER,1,SEPTEMBER: Broccoli / Kale (starts to protected beds) — → Transplant Wk 1–2🌍 🌍 —
BRUSSELS_SPROUTS,Brussels Sprouts,edibles,VEGETABLES,MARCH; NOVEMBER; DECEMBER,3,MARCH: Brussels Sprouts Wk 1–2 — — || NOVEMBER: Brussels Sprouts — — Better after frost — 🌾 sweeter flavour || DECEMBER: Brussels Sprouts — — Best now — frost 🌾 improves flavour greatly
BUDDLEJA_HYDRANGEA_PANICULATA,Buddleja / Hydrangea paniculata,ornamentals,SHRUBS & TREES (Ornamental),JANUARY,1,JANUARY: Buddleja / Hydrangea paniculata — — ✄ Prune hard Jan–Feb
CALENDULA_PANSY_WALLFLOWER_FOR_AUTUMN,Calendula / Pansy / Wallflower (for autumn),ornamentals,ANNUAL FLOWERS,AUGUST,1,AUGUST: Calendula / Pansy / Wallflower (for autumn) — Sow now for 🌿 autumn/spring display —
CAMAS_CAMASSIA,Camas (Camassia),ornamentals,BC NATIVE PLANTS,APRIL,1,APRIL: Camas (Camassia) — — Beginning to bloom🌸
CAMAS_BLEEDING_HEART_NOOTKA_ROSE_BUNCHBERRY,Camas / Bleeding Heart / Nootka Rose / Bunchberry,ornamentals,BC NATIVE PLANTS,MAY,1,MAY: Camas / Bleeding Heart / Nootka Rose / Bunchberry — — Blooming — peak 🌸 native season
CARROTS,Carrots,edibles,ROOTS & TUBERS,MARCH,1,MARCH: Carrots — Wk 3–4 under fleece🌿 —
CARROTS_BEETS,Carrots / Beets,edibles,ROOTS & TUBERS,OCTOBER,1,OCTOBER: Carrots / Beets — — Harvest and store in 🌾 damp sand
CARROTS_BEETS_LAST_SOW_FOR_FALL,Carrots / Beets (last sow for fall),edibles,ROOTS & TUBERS,JUNE,1,JUNE: Carrots / Beets (last sow for fall) — Last main sow Wk 1–2🌿 — Early new potatoes — — Check Wk 3–4 if 🌾 planted late March
CARROTS_BEETS_SUCCESSION,Carrots / Beets (succession),edibles,ROOTS & TUBERS,APRIL,1,APRIL: Carrots / Beets (succession) — Direct sow Wk 3–4🌿 —
CARROTS_BEETS_PARSNIPS,Carrots / Beets / Parsnips,edibles,ROOTS & TUBERS,MAY,1,MAY: Carrots / Beets / Parsnips — Succession sow🌿 —
CARROTS_BEETS_TURNIPS,Carrots / Beets / Turnips,edibles,ROOTS & TUBERS,JULY,1,JULY: Carrots / Beets / Turnips — Last chance Wk 1 only🌿 Harvest new potatoes🌾
CELERIAC,Celeriac,edibles,ROOTS & TUBERS,NOVEMBER,1,NOVEMBER: Celeriac — — Harvest as needed 🌾 from ground
CELERY_CELERIAC,Celery / Celeriac,edibles,VEGETABLES,FEBRUARY,1,FEBRUARY: Celery / Celeriac Wk 1 (16 wks to transplant) — —
CELOSIA_STRAWFLOWER_SCABIOSA,Celosia / Strawflower / Scabiosa,ornamentals,CUT FLOWERS,MARCH,1,MARCH: Celosia / Strawflower / Scabiosa Wk 1–2 — —
CHARD_OVERWINTERED,Chard (overwintered),edibles,VEGETABLES,JANUARY,1,JANUARY: Chard (overwintered) — — Light harvest if 🌾 protected ❄
CHIVES,Chives,edibles,HERBS,FEBRUARY,1,FEBRUARY: Chives Wk 1–2 — —
CHIVES_PARSLEY_STARTS,Chives / Parsley (starts),edibles,HERBS,APRIL,1,APRIL: Chives / Parsley (starts) — → Transplant Wk 3–4🌍 🌍 —
CHIVES_PARSLEY_BASIL_POT_UP,Chives / Parsley / Basil (pot up),edibles,HERBS,SEPTEMBER,1,SEPTEMBER: Chives / Parsley / Basil (pot up) Pot up for indoor winter use — Basil: last chance — make pesto and freeze
CHIVES_PARSLEY_DILL_CHERVIL,Chives / Parsley / Dill / Chervil,edibles,HERBS,JUNE,1,JUNE: Chives / Parsley / Dill / Chervil — — Harvest freely; dry or 🌾 freeze surplus
CILANTRO,Cilantro,edibles,HERBS,MARCH,1,MARCH: Cilantro — Direct sow late Mar🌿 —
CILANTRO_BEFORE_BOLT,Cilantro (before bolt),edibles,HERBS,JUNE,1,JUNE: Cilantro (before bolt) — — Harvest now — bolts 🌾 fast in heat
CLEMATIS_MONTANA,Clematis montana,ornamentals,CLIMBING VINES,MAY,1,MAY: Clematis montana — — Peak bloom — glorious🌸
CLEMATIS_NOW,Clematis now.,ornamentals,CLIMBING VINES,OCTOBER,1,OCTOBER: Clematis now.
CLEMATIS_VITICELLA_PASSION_FLOWER_MORNING_GLORY,Clematis viticella / Passion Flower / Morning Glory,ornamentals,CLIMBING VINES,AUGUST,1,AUGUST: Clematis viticella / Passion Flower / Morning Glory — — All in full spectacular 🌸 bloom
COBAEA_SCANDENS,Cobaea scandens,ornamentals,CLIMBING VINES,JULY,1,JULY: Cobaea scandens — — Cup-and-saucer vine 🌸 blooming
COLLECT_SEED_PODS,Collect seed pods.,ornamentals,CLIMBING VINES,SEPTEMBER,1,SEPTEMBER: Collect seed pods.
CONEFLOWER_RUDBECKIA,Coneflower / Rudbeckia,ornamentals,HARDY PERENNIALS,MARCH,1,MARCH: Coneflower / Rudbeckia Wk 1 — —
CORN,Corn,edibles,VEGETABLES,MAY,1,MAY: Corn — Direct sow Wk 3–4🌿 —
CORN_SUNFLOWER,Corn / Sunflower,edibles,LEGUMES & GRAINS,MAY,1,MAY: Corn / Sunflower — Direct sow Wk 3–4🌿 —
COSMOS_CALENDULA_NIGELLA_SELF_SEEDING,Cosmos / Calendula / Nigella (self-seeding),ornamentals,ANNUAL FLOWERS,SEPTEMBER,1,SEPTEMBER: Cosmos / Calendula / Nigella (self-seeding) — — Do NOT deadhead last flush — let seed fall
CUCUMBER_ZUCCHINI_SQUASH,Cucumber / Zucchini / Squash,edibles,VEGETABLES,MAY,1,MAY: Cucumber / Zucchini / Squash — → Transplant Wk 2–3🌍 🌍 —
CURRANTS_GOOSEBERRIES,Currants / Gooseberries,edibles,FRUITS & BERRIES,NOVEMBER,1,NOVEMBER: Currants / Gooseberries — — ✄ Prune Nov–Feb while dormant
DAFFODIL_CROCUS_ALLIUM_MUSCARI_TULIPS,Daffodil / Crocus / Allium / Muscari / Tulips,ornamentals,BULBS & CORMS,NOVEMBER,1,NOVEMBER: Daffodil / Crocus / Allium / Muscari / Tulips — Last chance to plant 🍅 Wk 1–2
DAFFODIL_HYACINTH_ALLIUM_CROCUS_MUSCARI,Daffodil / Hyacinth / Allium / Crocus / Muscari,ornamentals,BULBS & CORMS,OCTOBER,1,OCTOBER: Daffodil / Hyacinth / Allium / Crocus / Muscari — Plant Wk 1–3🍅 —
DAFFODILS_CROCUS_EARLY_TULIPS,Daffodils / Crocus / early Tulips,ornamentals,BULBS & CORMS,MARCH,1,MARCH: Daffodils / Crocus / early Tulips — — Blooming — peak 🌸 spring display
DAHLIA,Dahlia,ornamentals,BULBS & CORMS,AUGUST,1,AUGUST: Dahlia — — Peak bloom — 🌸
DAHLIA_EARLY_VARIETIES,Dahlia (early varieties),ornamentals,BULBS & CORMS,JULY,1,JULY: Dahlia (early varieties) — — First dahlias opening🌸
DAHLIA_TUBERS,Dahlia tubers,ornamentals,BULBS & CORMS,MARCH,1,MARCH: Dahlia tubers Pot up indoors Wk 3–4🍅 — —
DAHLIAS,Dahlias,ornamentals,BULBS & CORMS,OCTOBER,1,OCTOBER: Dahlias — — Lift after first hard frost; dry 2 wks; store cool
DAYLILY_ECHINACEA_RUDBECKIA_MONARDA,Daylily / Echinacea / Rudbeckia / Monarda,ornamentals,HARDY PERENNIALS,JULY,1,JULY: Daylily / Echinacea / Rudbeckia / Monarda — — Peak midsummer 🌸 perennials
DELPHINIUM,Delphinium,ornamentals,HARDY PERENNIALS,FEBRUARY,1,FEBRUARY: Delphinium Wk 1 — —
DILL,Dill,edibles,HERBS,MARCH,1,MARCH: Dill Wk 1–2 Late Mar direct sow OK🌿 —
DILL_CILANTRO_CHERVIL_FENNEL,Dill / Cilantro / Chervil / Fennel,edibles,HERBS,APRIL,1,APRIL: Dill / Cilantro / Chervil / Fennel — Direct sow Wk 3–4🌿 —
DILL_CILANTRO_FENNEL,Dill / Cilantro / Fennel,edibles,HERBS,MAY,1,MAY: Dill / Cilantro / Fennel — Succession direct sow🌿 —
DILL_CILANTRO_SEEDS,Dill / Cilantro seeds,edibles,HERBS,AUGUST,1,AUGUST: Dill / Cilantro seeds — — Save seeds as they dry on plant
DRIED_EVERLASTINGS_STRAWFLOWER_STATICE,"Dried everlastings (Strawflower, Statice)",ornamentals,CUT FLOWERS,NOVEMBER,1,"NOVEMBER: Dried everlastings (Strawflower, Statice) — — Use dried flower store from summer"
EARLY_SUMMER_PERENNIALS_GERANIUM_SALVIA,"Early-summer perennials (Geranium, Salvia)",ornamentals,HARDY PERENNIALS,AUGUST,1,"AUGUST: Early-summer perennials (Geranium, Salvia) — — ✄ Cut back after bloom to encourage rebloom"
ECHINACEA_CONEFLOWER,Echinacea (Coneflower),ornamentals,HARDY PERENNIALS,FEBRUARY,1,FEBRUARY: Echinacea (Coneflower) Wk 2 — —
EDAMAME,Edamame,edibles,LEGUMES & GRAINS,AUGUST,1,AUGUST: Edamame — — Harvest late Aug when🌾 pods are plump
EGGPLANT_EARLY,Eggplant (early),edibles,VEGETABLES,FEBRUARY,1,FEBRUARY: Eggplant (early) Wk 4 — —
EUPHORBIA_AMYGDALOIDES_VAR_ROBBIAE,Euphorbia amygdaloides var. robbiae,ornamentals,HARDY PERENNIALS,DECEMBER,1,DECEMBER: Euphorbia amygdaloides var. robbiae — — Evergreen; architectural interest year-round
EVERBEARING_STRAWBERRIES,Everbearing Strawberries,edibles,FRUITS & BERRIES,JULY; AUGUST,2,JULY: Everbearing Strawberries — — Beginning to fruit🌾 || AUGUST: Everbearing Strawberries — — Second crop flush🌾
FALL_RASPBERRIES_BLACKBERRIES_EVERBEARING_STRAWBERRIES,Fall Raspberries / Blackberries / Everbearing Strawberries,edibles,FRUITS & BERRIES,SEPTEMBER,1,SEPTEMBER: Fall Raspberries / Blackberries / Everbearing Strawberries — — Harvest before first 🌾 frost
FEB_NO_DISEASE_RISK,Feb (no disease risk),edibles,FRUITS & BERRIES,DECEMBER,1,DECEMBER: Feb (no disease risk)
FIREWEED_PEARLY_EVERLASTING_GOLDENROD,Fireweed / Pearly Everlasting / Goldenrod,ornamentals,BC NATIVE PLANTS,AUGUST,1,AUGUST: Fireweed / Pearly Everlasting / Goldenrod — — Late summer native 🌸 bloom; excellent for bees
FORCED_BULBS_INDOORS,Forced bulbs (indoors),ornamentals,BULBS & CORMS,JANUARY,1,JANUARY: Forced bulbs (indoors) — — Check for growth; keep🌸 in bright spot
FORSYTHIA,Forsythia,ornamentals,SHRUBS & TREES (Ornamental),FEBRUARY,1,FEBRUARY: Forsythia — — Buds swelling; bloom imminent
FORSYTHIA_KERRIA_RIBES_SPRING_BLOOMING,Forsythia / Kerria / Ribes (spring-blooming),ornamentals,SHRUBS & TREES (Ornamental),MAY,1,MAY: Forsythia / Kerria / Ribes (spring-blooming) — — ✄ Prune after bloom finishes
FORSYTHIA_PIERIS,Forsythia / Pieris,ornamentals,SHRUBS & TREES (Ornamental),MARCH,1,MARCH: Forsythia / Pieris — — Blooming🌸
FOXGLOVE_DIGITALIS_VERONICA_ASTRANTIA,Foxglove (Digitalis) / Veronica / Astrantia,ornamentals,HARDY PERENNIALS,JUNE,1,JUNE: Foxglove (Digitalis) / Veronica / Astrantia — — Blooming beautifully🌸
GAILLARDIA,Gaillardia,ornamentals,HARDY PERENNIALS,MARCH,1,MARCH: Gaillardia Wk 2 — —
GARLIC,Garlic,edibles,PERENNIAL EDIBLES,SEPTEMBER; OCTOBER,2,SEPTEMBER: Garlic — Plant Wk 3–4 (ideal 🍅 window) — || OCTOBER: Garlic — Plant Wk 1–3 (last 🍅 good window) —
GARLIC_LAST_CALL,Garlic (last call),edibles,PERENNIAL EDIBLES,NOVEMBER,1,NOVEMBER: Garlic (last call) — Plant Wk 1 if not yet 🍅 done —
GARLIC_OVERWINTERING,Garlic (overwintering),edibles,VEGETABLES,JANUARY; DECEMBER,2,JANUARY: Garlic (overwintering) — — ❄ Mulch in place; overwintering || DECEMBER: Garlic (overwintering) — — Overwintering underground — nothing to do ❄
GARRY_OAK,Garry Oak,ornamentals,BC NATIVE PLANTS,APRIL,1,APRIL: Garry Oak — — Leafing out; catkins dropping
GARRYA_ELLIPTICA,Garrya elliptica,ornamentals,SHRUBS & TREES (Ornamental),DECEMBER,1,DECEMBER: Garrya elliptica — — Silver catkins emerging — beautiful winter display
GERANIUM_CRANESBILL,Geranium (Cranesbill),ornamentals,HARDY PERENNIALS,JUNE,1,JUNE: Geranium (Cranesbill) — — Full bloom; cut back 🌸 after for rebloom
GLADIOLUS_CORMS,Gladiolus corms,ornamentals,BULBS & CORMS,OCTOBER,1,OCTOBER: Gladiolus corms — — Dry and store frost-free if not done in Sep
GLOBE_ARTICHOKE,Globe Artichoke,edibles,PERENNIAL EDIBLES,FEBRUARY,1,FEBRUARY: Globe Artichoke Wk 3–4 (needs vernalisation) — —
GLOBE_ARTICHOKE_CONTINUE_FROM_FEB,Globe Artichoke Continue from Feb,edibles,PERENNIAL EDIBLES,MARCH,1,MARCH: Globe Artichoke Continue from Feb — —
GOOSEBERRIES,Gooseberries,edibles,FRUITS & BERRIES,JUNE,1,JUNE: Gooseberries — — Ready late June🌾
GRAPE_VINES,Grape vines,edibles,FRUITS & BERRIES,FEBRUARY,1,FEBRUARY: Grape vines — — ✄ Prune Feb — before sap rises
GROUP_3_CLEMATIS,Group 3 Clematis,ornamentals,CLIMBING VINES,MARCH,1,MARCH: Group 3 Clematis — — ✄ Prune hard early Mar if not done
HAZELNUT_WALNUT,Hazelnut / Walnut,edibles,FRUITS & BERRIES,OCTOBER,1,OCTOBER: Hazelnut / Walnut — — Harvest from ground 🌾 after drop
HELLEBORES,Hellebores,ornamentals,HARDY PERENNIALS,FEBRUARY,1,FEBRUARY: Hellebores — — Peak bloom outdoors🌸
HELLEBORES_LENTEN_ROSE,Hellebores (Lenten Rose),ornamentals,HARDY PERENNIALS,JANUARY; NOVEMBER,2,JANUARY: Hellebores (Lenten Rose) — — Blooming outdoors; cut🌸 tatty foliage || NOVEMBER: Hellebores (Lenten Rose) — — May begin blooming 🌸 late Nov ❄
HELLEBORUS_NIGER_CHRISTMAS_ROSE,Helleborus niger (Christmas Rose),ornamentals,HARDY PERENNIALS,DECEMBER,1,DECEMBER: Helleborus niger (Christmas Rose) — — Blooming 🌸 magnificently ❄
HOLLY_EVERGREEN_HUCKLEBERRY_VACCINIUM_OVATUM,Holly / Evergreen Huckleberry (Vaccinium ovatum),ornamentals,BC NATIVE PLANTS,DECEMBER,1,DECEMBER: Holly / Evergreen Huckleberry (Vaccinium ovatum) — — Berries for wildlife; glossy evergreen leaves
HONEYSUCKLE,Honeysuckle,ornamentals,CLIMBING VINES,APRIL; MAY,2,APRIL: Honeysuckle — — Leafing out; new growth vigorous || MAY: Honeysuckle — — In bud; bloom imminent
HONEYSUCKLE_CLEMATIS_NELLY_MOSER_TYPE_SWEET_PEAS,Honeysuckle / Clematis 'Nelly Moser' type / Sweet Peas,ornamentals,CLIMBING VINES,JUNE,1,JUNE: Honeysuckle / Clematis 'Nelly Moser' type / Sweet Peas — — Peak — harvest Sweet 🌸
HOSTAS_DAYLILIES_ASTERS,Hostas / Daylilies / Asters,ornamentals,HARDY PERENNIALS,MARCH; APRIL,2,MARCH: Hostas / Daylilies / Asters — Divide emerging clumps ✄ Emerging from ground || APRIL: Hostas / Daylilies / Asters — Divide established clumps ✄ —
HYDRANGEA,Hydrangea,ornamentals,SHRUBS & TREES (Ornamental),AUGUST,1,AUGUST: Hydrangea — — Do NOT prune now — wait until spring
HYDRANGEA_ALL_TYPES_ROSES_SECOND_FLUSH_FUCHSIA,Hydrangea (all types) / Roses (second flush) / Fuchsia,ornamentals,SHRUBS & TREES (Ornamental),AUGUST,1,AUGUST: Hydrangea (all types) / Roses (second flush) / Fuchsia — — Late summer shrub 🌸 peak
HYDRANGEA_CARYOPTERIS_PEROVSKIA_LATE_ROSES,Hydrangea / Caryopteris / Perovskia / late Roses,ornamentals,SHRUBS & TREES (Ornamental),SEPTEMBER,1,SEPTEMBER: Hydrangea / Caryopteris / Perovskia / late Roses — — Beautiful autumn 🌸 colour
IMPATIENS,Impatiens,ornamentals,ANNUAL FLOWERS,MARCH,1,MARCH: Impatiens Wk 1 — —
IMPATIENS_MARIGOLDS_PETUNIAS_BEGONIAS,Impatiens / Marigolds / Petunias / Begonias,ornamentals,ANNUAL FLOWERS,MAY,1,MAY: Impatiens / Marigolds / Petunias / Begonias — → All frost-tender 🌍 🌍 annuals outdoors Wk 1–2 —
INDIAN_PLUM_OEMLERIA,Indian Plum (Oemleria),ornamentals,BC NATIVE PLANTS,FEBRUARY,1,FEBRUARY: Indian Plum (Oemleria) — — Earliest native in 🌸 bloom
IRIS_DAYLILY_HOSTA_EARLY_SPRING_TYPES,Iris / Daylily / Hosta (early-spring types),ornamentals,HARDY PERENNIALS,SEPTEMBER,1,SEPTEMBER: Iris / Daylily / Hosta (early-spring types) — ✄ Divide Wk 1–3 —
JAN_FEB_HARVEST_ASPARAGUS,Jan/Feb harvest. Asparagus,edibles,PERENNIAL EDIBLES,DECEMBER,1,DECEMBER: Jan/Feb harvest. Asparagus — — Fully dormant with straw mulch ❄
JAPANESE_ANEMONE_ASTER_SEDUM_SCHIZOSTYLIS,Japanese Anemone / Aster / Sedum / Schizostylis,ornamentals,HARDY PERENNIALS,OCTOBER,1,OCTOBER: Japanese Anemone / Aster / Sedum / Schizostylis — — Fading; leave stems 🌸 for winter interest
JAPANESE_ANEMONE_RUDBECKIA_HELENIUM_SEDUM,Japanese Anemone / Rudbeckia / Helenium / Sedum,ornamentals,HARDY PERENNIALS,SEPTEMBER,1,SEPTEMBER: Japanese Anemone / Rudbeckia / Helenium / Sedum — — Peak autumn 🌸 perennials
KALE,Kale,edibles,VEGETABLES,DECEMBER,1,DECEMBER: Kale — — Excellent after frost — 🌾 sweetened by cold
KALE_NEW_CROP,Kale (new crop),edibles,VEGETABLES,MARCH,1,MARCH: Kale (new crop) Wk 1–2 — —
KALE_OVERWINTERED,Kale (overwintered),edibles,VEGETABLES,JANUARY,1,JANUARY: Kale (overwintered) — — Light harvest if 🌾 protected
KALE_CHARD_OVERWINTERED,Kale / Chard (overwintered),edibles,VEGETABLES,FEBRUARY,1,FEBRUARY: Kale / Chard (overwintered) — — Light harvest if not 🌾 frozen ❄
KALE_CHARD_M_CHE,Kale / Chard / Mâche,edibles,VEGETABLES,NOVEMBER,1,NOVEMBER: Kale / Chard / Mâche — — Excellent cold-hardy 🌾 crops
LEGUMES_PEAS,LEGUMES Peas,edibles,ROOTS & TUBERS,MARCH,1,MARCH: LEGUMES Peas — Wk 3–4 outdoors ❄🌿 —
LARKSPUR,Larkspur,ornamentals,CUT FLOWERS,MARCH,1,MARCH: Larkspur — Direct sow outdoors🌿 —
LARKSPUR_POPPY,Larkspur / Poppy,ornamentals,HARDY PERENNIALS,MARCH,1,MARCH: Larkspur / Poppy — Direct sow Wk 3–4🌿 —
LARKSPUR_POPPY_NIGELLA_CALENDULA_BORAGE,Larkspur / Poppy / Nigella / Calendula / Borage,ornamentals,ANNUAL FLOWERS,APRIL,1,APRIL: Larkspur / Poppy / Nigella / Calendula / Borage — Direct sow Wk 2–4🌿 —
LATE_EMERGING_PERENNIALS,Late-emerging perennials,ornamentals,HARDY PERENNIALS,MAY,1,MAY: Late-emerging perennials — Divide early May ✄ —
LAVENDER,Lavender,ornamentals,SHRUBS & TREES (Ornamental),JULY,1,JULY: Lavender — — ✄ Prune lightly after first flush Wk 2–3
LEEKS,Leeks,edibles,VEGETABLES,FEBRUARY; NOVEMBER,2,FEBRUARY: Leeks Wk 1–2 — — || NOVEMBER: Leeks — — Continue harvesting 🌾 through winter
LEEKS_CHARD_UNDER_COVER,Leeks / Chard (under cover),edibles,VEGETABLES,DECEMBER,1,DECEMBER: Leeks / Chard (under cover) — — Harvest as needed ❄🌾 Mâche / Claytonia / Winter
LEEKS_KALE_CHARD_BRUSSELS_SPROUTS_TURNIPS_CELERIAC,Leeks / Kale / Chard / Brussels Sprouts / Turnips / Celeriac,edibles,VEGETABLES,OCTOBER,1,OCTOBER: Leeks / Kale / Chard / Brussels Sprouts / Turnips / Celeriac — — Continue harvesting; 🌾 improve with frost
LETTUCE_SPINACH,Lettuce / Spinach,edibles,VEGETABLES,MARCH,1,MARCH: Lettuce / Spinach Wk 1 (indoors) Wk 3–4 under cloche ❄🌿 —
LISIANTHUS,Lisianthus,ornamentals,CUT FLOWERS,FEBRUARY,1,FEBRUARY: Lisianthus Wk 1 (16–20 wks to bloom) — —
LOBELIA,Lobelia,ornamentals,ANNUAL FLOWERS,JANUARY,1,JANUARY: Lobelia Late Jan (under lights) — —
LUPINE_IRIS_SALVIA_NEMOROSA_ALLIUM,Lupine / Iris / Salvia nemorosa / Allium,ornamentals,HARDY PERENNIALS,JUNE,1,JUNE: Lupine / Iris / Salvia nemorosa / Allium — — Peak early summer 🌸 perennials
MAGNOLIA_CAMELLIA_RHODODENDRON_AZALEA,Magnolia / Camellia / Rhododendron / Azalea,ornamentals,SHRUBS & TREES (Ornamental),APRIL,1,APRIL: Magnolia / Camellia / Rhododendron / Azalea — — Stunning spring 🌸 display
MAHONIA_CHARITY,Mahonia 'Charity',ornamentals,SHRUBS & TREES (Ornamental),NOVEMBER,1,NOVEMBER: Mahonia 'Charity' — — Beginning to bloom — 🌸 bold yellow spikes
MAHONIA_ALL_TYPES,Mahonia (all types),ornamentals,SHRUBS & TREES (Ornamental),DECEMBER,1,"DECEMBER: Mahonia (all types) — — Peak bloom — bold 🌸 yellow, sweetly fragrant"
MAIN_CROP_POTATOES,Main-crop potatoes,edibles,ROOTS & TUBERS,JULY,1,JULY: Main-crop potatoes — — Lift as tops die back🌾
MARIGOLD,Marigold,ornamentals,ANNUAL FLOWERS,MARCH,1,MARCH: Marigold Wk 2 — —
MARIGOLD_LOBELIA_PETUNIA_SNAPDRAGON,Marigold / Lobelia / Petunia / Snapdragon,ornamentals,ANNUAL FLOWERS,JUNE,1,JUNE: Marigold / Lobelia / Petunia / Snapdragon — — First annuals blooming🌸
MORNING_GLORY,Morning Glory,ornamentals,CLIMBING VINES,MARCH; APRIL,2,MARCH: Morning Glory Wk 3 (indoors) — — || APRIL: Morning Glory — Wait until May —
MORNING_GLORY_CLEMATIS_VITICELLA_HONEYSUCKLE,Morning Glory / Clematis viticella / Honeysuckle,ornamentals,CLIMBING VINES,JULY,1,JULY: Morning Glory / Clematis viticella / Honeysuckle — — All in gorgeous bloom🌸
MORNING_GLORY_COBAEA_SCANDENS,Morning Glory / Cobaea scandens,ornamentals,CLIMBING VINES,MAY,1,MAY: Morning Glory / Cobaea scandens — → Transplant 🌍 🌍 outdoors now —
MOST_PERENNIALS,Most perennials,ornamentals,HARDY PERENNIALS,NOVEMBER,1,NOVEMBER: Most perennials — — Leave all stems standing — winter interest and insect habitat
M_CHE_CLAYTONIA_WINTER_SPINACH,Mâche / Claytonia / Winter Spinach,edibles,VEGETABLES,OCTOBER,1,OCTOBER: Mâche / Claytonia / Winter Spinach — Direct sow under 🌿 cloche Wk 1–2 —
NOT_PRUNE_ROSES,NOT prune roses,ornamentals,SHRUBS & TREES (Ornamental),OCTOBER,1,OCTOBER: NOT prune roses
NASTURTIUM_CALENDULA_FOR_FALL,Nasturtium / Calendula (for fall),ornamentals,ANNUAL FLOWERS,JULY,1,JULY: Nasturtium / Calendula (for fall) — Last sow Wk 1🌿 Blooming continuously🌸
NASTURTIUM_COSMOS_ZINNIA_EARLY_VARS,Nasturtium / Cosmos / Zinnia (early vars.),ornamentals,ANNUAL FLOWERS,JUNE,1,JUNE: Nasturtium / Cosmos / Zinnia (early vars.) — — Beginning to bloom; 🌸 deadhead ✄
NEW_BARE_ROOT_DECIDUOUS_SHRUBS_AND_TREES,New bare-root deciduous shrubs and trees,ornamentals,SHRUBS & TREES (Ornamental),NOVEMBER,1,NOVEMBER: New bare-root deciduous shrubs and trees — Plant Nov–Mar (ideal) —
NEW_DECIDUOUS_SHRUBS_AND_TREES,New deciduous shrubs and trees,ornamentals,SHRUBS & TREES (Ornamental),OCTOBER,1,OCTOBER: New deciduous shrubs and trees — Plant Oct–Nov (ideal planting time) —
NICOTIANA_CLEOME,Nicotiana / Cleome,ornamentals,ANNUAL FLOWERS,MARCH,1,MARCH: Nicotiana / Cleome Wk 1 — —
NO_OUTDOOR_SOWING_THIS_MONTH_MAINTAIN_ROW_COVERS_AND_CLOCHES,No outdoor sowing this month. Maintain row covers and cloches.,edibles,VEGETABLES,NOVEMBER,1,NOVEMBER: No outdoor sowing this month. Maintain row covers and cloches. Check for slug damage under covers.
NOOTKA_ROSE_OCEAN_SPRAY_HOLODISCUS,Nootka Rose / Ocean Spray (Holodiscus),ornamentals,BC NATIVE PLANTS,JUNE,1,JUNE: Nootka Rose / Ocean Spray (Holodiscus) — — Blooming — excellent 🌸 for pollinators
OCEAN_SPRAY_YARROW_SPIREA_DOUGLASII_FIREWEED,Ocean Spray / Yarrow / Spirea douglasii / Fireweed,ornamentals,BC NATIVE PLANTS,JULY,1,JULY: Ocean Spray / Yarrow / Spirea douglasii / Fireweed — — BC summer natives at 🌸 their best
ONIONS,Onions,edibles,VEGETABLES,FEBRUARY,1,FEBRUARY: Onions Wk 2–4 — —
OREGON_GRAPE_BERRIES,Oregon Grape berries,ornamentals,BC NATIVE PLANTS,AUGUST,1,AUGUST: Oregon Grape berries — — Ripe berries — good for jam
ORIENTAL_ASIATIC_LILIES_GLADIOLUS,Oriental / Asiatic Lilies / Gladiolus,ornamentals,BULBS & CORMS,JULY,1,JULY: Oriental / Asiatic Lilies / Gladiolus — — Blooming; stake tall 🌸 varieties
OSOBERRY_OEMLERIA,Osoberry (Oemleria),ornamentals,BC NATIVE PLANTS,JANUARY,1,JANUARY: Osoberry (Oemleria) — — Buds beginning to swell; earliest native
OSOBERRY_TRILLIUM,Osoberry / Trillium,ornamentals,BC NATIVE PLANTS,MARCH,1,MARCH: Osoberry / Trillium — — Emerging — do not 🌸 pick Trillium
OTHER_HERBS,Other herbs,edibles,HERBS,DECEMBER,1,DECEMBER: Other herbs — — Dormant — use stored/frozen summer herbs
OVERWINTERING_BRASSICAS,Overwintering Brassicas,edibles,VEGETABLES,OCTOBER,1,OCTOBER: Overwintering Brassicas — → Transplant under 🌍 🌍 cover —
OVERWINTERING_DAIKON_RADISH,Overwintering Daikon Radish,edibles,ROOTS & TUBERS,SEPTEMBER,1,SEPTEMBER: Overwintering Daikon Radish — Sow Wk 1🌿 —
OVERWINTERING_ONION_SETS,Overwintering Onion sets,edibles,VEGETABLES,OCTOBER,1,OCTOBER: Overwintering Onion sets — Direct sow Wk 1–2🌿 —
PAPERWHITE_NARCISSUS_FORCED,Paperwhite Narcissus (forced),ornamentals,CUT FLOWERS,JANUARY,1,JANUARY: Paperwhite Narcissus (forced) — — Blooming indoors — 🌸 fragrant
PARSLEY,Parsley,edibles,HERBS,FEBRUARY,1,FEBRUARY: Parsley Wk 1–2 (slow germinator) — —
PARSLEY_FOR_SPRING,Parsley (for spring),edibles,HERBS,SEPTEMBER,1,SEPTEMBER: Parsley (for spring) — Sow Wk 1🌿 —
PARSLEY_UNDER_COVER_MILD_SPOTS,Parsley (under cover / mild spots),edibles,HERBS,DECEMBER,1,DECEMBER: Parsley (under cover / mild spots) — — Harvest lightly ❄🌾
PARSLEY_CHIVES,Parsley / Chives,edibles,HERBS,OCTOBER,1,OCTOBER: Parsley / Chives Pot up for indoor windowsill — Harvest last Basil; make pesto and freeze
PARSLEY_CHIVES_ROSEMARY,Parsley / Chives / Rosemary,edibles,HERBS,NOVEMBER,1,NOVEMBER: Parsley / Chives / Rosemary — — Harvest from 🌾 protected plants
PARSNIPS,Parsnips,edibles,ROOTS & TUBERS,MARCH; OCTOBER; DECEMBER,3,MARCH: Parsnips — Wk 3–4 (needs warm 🌿 soil) — || OCTOBER: Parsnips — — Leave some in ground 🌾 — frost sweetens them || DECEMBER: Parsnips — — Very sweet now — 🌾 best after hard frost
PARSNIPS_CARROTS_BEETS,Parsnips / Carrots / Beets,edibles,ROOTS & TUBERS,NOVEMBER,1,NOVEMBER: Parsnips / Carrots / Beets — — Harvest from storage 🌾 or mulched ground
PARSNIPS_CARROTS_BEETS_CELERIAC,Parsnips / Carrots / Beets / Celeriac,edibles,ROOTS & TUBERS,DECEMBER,1,DECEMBER: Parsnips / Carrots / Beets / Celeriac — — Harvest from storage 🌾 or mulched ground
PARSNIPS_TURNIPS_CELERIAC,Parsnips / Turnips / Celeriac,edibles,VEGETABLES,NOVEMBER,1,NOVEMBER: Parsnips / Turnips / Celeriac — — Harvest or leave 🌾 mulched in ground
PEARLY_EVERLASTING_ANAPHALIS,Pearly Everlasting (Anaphalis),ornamentals,BC NATIVE PLANTS,JULY,1,JULY: Pearly Everlasting (Anaphalis) — — Beginning — excellent 🌸 for drying
PEAS,Peas,edibles,VEGETABLES,MARCH,1,MARCH: Peas — Wk 3–4 (cold-tolerant) 🌿 —
PEAS_SECOND_SOWING,Peas (second sowing),edibles,VEGETABLES,MAY,1,MAY: Peas (second sowing) — Wk 1–2 for late crop🌿 —
PEAS_BEANS_ZUCCHINI_CUCUMBER,Peas / Beans / Zucchini / Cucumber,edibles,VEGETABLES,JULY,1,JULY: Peas / Beans / Zucchini / Cucumber — — Full harvest swing🌾
PEAS_DAILY_MORNING_GLORY,Peas daily Morning Glory,ornamentals,CLIMBING VINES,JUNE,1,JUNE: Peas daily Morning Glory — — Climbing and budding
PEPPERS_EARLY,Peppers (early),edibles,VEGETABLES,FEBRUARY,1,FEBRUARY: Peppers (early) Wk 3–4 — —
PEPPERS_EGGPLANT,Peppers / Eggplant,edibles,VEGETABLES,MAY,1,MAY: Peppers / Eggplant — → Transplant Wk 1–2🌍 🌍 —
PEPPERS_EGGPLANT_CONTINUE_FROM_FEB,Peppers / Eggplant Continue from Feb,edibles,VEGETABLES,MARCH,1,MARCH: Peppers / Eggplant Continue from Feb — —
PEPPERS_TOMATOES_GREEN,Peppers / Tomatoes (green),edibles,VEGETABLES,OCTOBER,1,OCTOBER: Peppers / Tomatoes (green) — — Last harvest; ripen 🌾 tomatoes indoors
PERENNIAL_SEEDLINGS_HARDENED_OFF,Perennial seedlings (hardened-off),ornamentals,HARDY PERENNIALS,APRIL,1,APRIL: Perennial seedlings (hardened-off) — → Transplant Wk 3–4🌍 🌍 —
PETUNIAS,Petunias,ornamentals,ANNUAL FLOWERS,JANUARY,1,JANUARY: Petunias Late Jan (under lights) — —
PHILADELPHUS_WEIGELA,Philadelphus / Weigela,ornamentals,SHRUBS & TREES (Ornamental),JUNE,1,JUNE: Philadelphus / Weigela — — ✄ Prune after bloom finishes (late June)
POTATOES_CARROTS_BEETS,Potatoes / Carrots / Beets,edibles,ROOTS & TUBERS,JANUARY; AUGUST,2,JANUARY: Potatoes / Carrots / Beets — — Check cold storage; remove rot || AUGUST: Potatoes / Carrots / Beets — — Harvest and store🌾
PRIMULA_WALLFLOWER_AUBRETIA_IBERIS,Primula / Wallflower / Aubretia / Iberis,ornamentals,HARDY PERENNIALS,APRIL,1,APRIL: Primula / Wallflower / Aubretia / Iberis — — Blooming🌸
RADISH_ARUGULA_M_CHE,Radish / Arugula / Mâche,edibles,VEGETABLES,MARCH,1,MARCH: Radish / Arugula / Mâche — Wk 3–4 (under fleece)🌿 —
RASPBERRIES,Raspberries,edibles,FRUITS & BERRIES,APRIL,1,APRIL: Raspberries — — ✄ Cut back old canes
RASPBERRIES_SUMMER_BEARING,Raspberries (summer- bearing),edibles,FRUITS & BERRIES,JULY,1,JULY: Raspberries (summer- bearing) — — Harvest; remove 🌾 fruited canes after
RASPBERRIES_BLACKBERRIES_PLUMS,Raspberries / Blackberries / Plums,edibles,FRUITS & BERRIES,AUGUST,1,AUGUST: Raspberries / Blackberries / Plums — — Harvesting 🌾 continuously Early Apples / Pears (late
RED_WHITE_CURRANTS_GOOSEBERRIES,Red / White Currants / Gooseberries,edibles,FRUITS & BERRIES,JULY,1,JULY: Red / White Currants / Gooseberries — — Harvest and preserve🌾 Early Plums / Tayberry /
RED_FLOWERING_CURRANT_RIBES,Red Flowering Currant (Ribes),ornamentals,BC NATIVE PLANTS,FEBRUARY; MARCH,2,FEBRUARY: Red Flowering Currant (Ribes) — — Buds swelling — bloom coming soon || MARCH: Red Flowering Currant (Ribes) — — Blooming — 🌸 hummingbird magnet
RED_OSIER_DOGWOOD,Red Osier Dogwood,ornamentals,BC NATIVE PLANTS,DECEMBER,1,DECEMBER: Red Osier Dogwood — — Brilliant red stems — outstanding winter interest
RHODODENDRON_AZALEA_LILAC_CEANOTHUS_WEIGELA,Rhododendron / Azalea / Lilac / Ceanothus / Weigela,ornamentals,SHRUBS & TREES (Ornamental),MAY,1,MAY: Rhododendron / Azalea / Lilac / Ceanothus / Weigela — — Spectacular blooms🌸
RHUBARB,Rhubarb,edibles,PERENNIAL EDIBLES,JANUARY; FEBRUARY; MARCH; APRIL; MAY; JUNE; OCTOBER; NOVEMBER; DECEMBER,9,JANUARY: Rhubarb — — Fully dormant ❄ || FEBRUARY: Rhubarb — — Crown tips may appear — leave || MARCH: Rhubarb — — Emerging — do not harvest 1st yr || APRIL: Rhubarb — — Harvest begins Wk 3–4🌾 || MAY: Rhubarb — — Harvest stalks; leave 🌾 some leaves || JUNE: Rhubarb — — Last harvest Wk 1–2; 🌾 leave plant to rest || OCTOBER: Rhubarb — Divide Wk 1–2 — || NOVEMBER: Rhubarb — — Dormant; do not disturb || DECEMBER: Rhubarb — — Fully dormant. Force under upturned pot for
RHUBARB_ASPARAGUS,Rhubarb / Asparagus,edibles,PERENNIAL EDIBLES,JULY; AUGUST,2,JULY: Rhubarb / Asparagus — — Do NOT harvest; let plants build energy || AUGUST: Rhubarb / Asparagus — — Resting; asparagus fern — leave standing
RHUBARB_CROWNS_NEW,Rhubarb crowns (new),edibles,PERENNIAL EDIBLES,SEPTEMBER,1,SEPTEMBER: Rhubarb crowns (new) — Divide and replant now —
ROSEMARY_EXPOSED_SITES,Rosemary (exposed sites),edibles,HERBS,OCTOBER,1,OCTOBER: Rosemary (exposed sites) — — Mulch base if in 🌲 exposed location ❄
ROSEMARY_SAGE_THYME,Rosemary / Sage / Thyme,edibles,HERBS,DECEMBER,1,DECEMBER: Rosemary / Sage / Thyme — — Frost-hardy; harvest in🌾 mild spells
ROSEMARY_THYME_OREGANO,Rosemary / Thyme / Oregano,edibles,HERBS,MAY,1,MAY: Rosemary / Thyme / Oregano — → Transplant now🌍 🌍 —
ROSES,Roses,ornamentals,SHRUBS & TREES (Ornamental),FEBRUARY; JULY; AUGUST,3,FEBRUARY: Roses — — ✄ Light prune late Feb || JULY: Roses — — ✄ Deadhead continuously for repeat bloom || AUGUST: Roses — — ✄ Deadhead; do NOT feed after Aug
ROSES_FIRST_FLUSH_PHILADELPHUS_WEIGELA_ESCALLONIA,Roses (first flush) / Philadelphus / Weigela / Escallonia,ornamentals,SHRUBS & TREES (Ornamental),JUNE,1,JUNE: Roses (first flush) / Philadelphus / Weigela / Escallonia — — Peak first flush — 🌸 glorious
ROSES_REPEAT_FLUSH_LAVENDER_HYDRANGEA_MACROPHYLLA,Roses (repeat flush) / Lavender / Hydrangea macrophylla,ornamentals,SHRUBS & TREES (Ornamental),JULY,1,JULY: Roses (repeat flush) / Lavender / Hydrangea macrophylla — — Stunning summer 🌸 display
ROSES_SHRUBS_GENERAL,Roses / shrubs (general),ornamentals,SHRUBS & TREES (Ornamental),SEPTEMBER,1,SEPTEMBER: Roses / shrubs (general) — — Do NOT prune — leave until spring
RUDBECKIA_ECHINACEA_HELENIUM_SOLIDAGO,Rudbeckia / Echinacea / Helenium / Solidago,ornamentals,HARDY PERENNIALS,AUGUST,1,AUGUST: Rudbeckia / Echinacea / Helenium / Solidago — — Late summer gold and 🌸 amber tones
RUDBECKIA_SEDUM_SCHIZOSTYLIS_ORNAMENTAL_GRASSES,Rudbeckia / Sedum / Schizostylis / Ornamental grasses,ornamentals,CUT FLOWERS,OCTOBER,1,OCTOBER: Rudbeckia / Sedum / Schizostylis / Ornamental grasses — — Last cuttable flowers of🌸 the season
SAGE_THYME,Sage / Thyme,edibles,HERBS,NOVEMBER,1,NOVEMBER: Sage / Thyme — — Light harvest; thyme: 🌾 mulch crowns in exposed sites
SALVIA_NEMOROSA,Salvia nemorosa,ornamentals,HARDY PERENNIALS,FEBRUARY,1,FEBRUARY: Salvia nemorosa Wk 2 — —
SCHIZOSTYLIS_KAFFIR_LILY,Schizostylis (Kaffir Lily),ornamentals,HARDY PERENNIALS,NOVEMBER,1,NOVEMBER: Schizostylis (Kaffir Lily) — — Fading last blooms🌸
SEDUM_AUTUMN_JOY_ANEMONE_JAPONICA,Sedum 'Autumn Joy' / Anemone japonica,ornamentals,HARDY PERENNIALS,AUGUST,1,AUGUST: Sedum 'Autumn Joy' / Anemone japonica — — Beginning to bloom 🌸 late Aug
SEED_CROP_PLANNING,Seed & Crop Planning,edibles,VEGETABLES,JANUARY,1,JANUARY: Seed & Crop Planning — — Order seed catalogues; plan rotations
SEED_POTATOES_CHIT_INDOORS_IN_LIGHT_MAR,Seed Potatoes Chit indoors in light (Mar),edibles,ROOTS & TUBERS,MARCH,1,MARCH: Seed Potatoes Chit indoors in light (Mar) — —
SEED_POTATOES,Seed potatoes,edibles,ROOTS & TUBERS,APRIL,1,APRIL: Seed potatoes — Plant Wk 3–4 (after last🌿 frost) —
SHELL_BEANS_RUNNER_BEANS,Shell beans / Runner beans,edibles,LEGUMES & GRAINS,SEPTEMBER,1,SEPTEMBER: Shell beans / Runner beans — — Harvest last beans; 🌾 shell for drying
SNAPDRAGONS,Snapdragons,ornamentals,ANNUAL FLOWERS,JANUARY,1,JANUARY: Snapdragons Late Jan (under lights) — —
SNAPDRAGONS_PANSIES_STOCKS,Snapdragons / Pansies / Stocks,ornamentals,ANNUAL FLOWERS,APRIL,1,APRIL: Snapdragons / Pansies / Stocks — → Transplant cold-🌍 🌍 tolerant after Apr 15 —
SNOWBERRY_SYMPHORICARPOS,Snowberry (Symphoricarpos),ornamentals,BC NATIVE PLANTS,SEPTEMBER,1,SEPTEMBER: Snowberry (Symphoricarpos) — — White berries forming — leave for birds
SNOWBERRY_WHITE_BERRIES_RED_OSIER_DOGWOOD_RED_STEMS,Snowberry (white berries) / Red Osier Dogwood (red stems),ornamentals,BC NATIVE PLANTS,NOVEMBER,1,NOVEMBER: Snowberry (white berries) / Red Osier Dogwood (red stems) — — Excellent winter structure and bird food; leave all in place
SNOWBERRY_HIGHBUSH_CRANBERRY_RED_OSIER,Snowberry / Highbush Cranberry / Red Osier,ornamentals,BC NATIVE PLANTS,OCTOBER,1,OCTOBER: Snowberry / Highbush Cranberry / Red Osier — — Berries for birds; leave all native structure standing
SNOWDROPS,Snowdrops,ornamentals,HARDY PERENNIALS,FEBRUARY,1,"FEBRUARY: Snowdrops — Divide ""in the green"" now Blooming — divide 🌸 congested clumps"
SNOWDROPS_GALANTHUS,Snowdrops (Galanthus),ornamentals,HARDY PERENNIALS,JANUARY,2,JANUARY: Snowdrops (Galanthus) — — Blooming; divide after 🌸 bloom if congested || JANUARY: Snowdrops (Galanthus) — — Blooming outdoors ❄🌸
SNOWDROPS_EARLY_CROCUS,Snowdrops / early Crocus,ornamentals,BULBS & CORMS,FEBRUARY,1,FEBRUARY: Snowdrops / early Crocus — — Blooming ❄🌸
SPINACH_UNDER_COVER,Spinach (under cover),edibles,VEGETABLES,DECEMBER,1,DECEMBER: Spinach (under cover) — — Harvest under glass or 🌾 polytunnel
SPINACH_PAK_CHOI_ARUGULA,Spinach / Pak Choi / Arugula,edibles,VEGETABLES,SEPTEMBER,1,SEPTEMBER: Spinach / Pak Choi / Arugula — Direct sow Wk 1–3🌿 —
SPRING_BULBS_ALL_OUTDOORS,Spring bulbs (all) outdoors,ornamentals,BULBS & CORMS,DECEMBER,1,DECEMBER: Spring bulbs (all) outdoors — — Dormant underground ❄ — spring magic to come
SPRING_FLOWERING_SHRUBS_FORSYTHIA_KERRIA,"Spring-flowering shrubs (Forsythia, Kerria)",ornamentals,SHRUBS & TREES (Ornamental),APRIL,1,"APRIL: Spring-flowering shrubs (Forsythia, Kerria) — — ✄ Prune AFTER bloom; feed roses"
STATICE,Statice,ornamentals,CUT FLOWERS,FEBRUARY,1,FEBRUARY: Statice Wk 2 — —
STORED_SQUASH_ROOTS,Stored Squash / Roots,edibles,VEGETABLES,JANUARY,1,JANUARY: Stored Squash / Roots — — Check cold storage; remove any rot
STORED_APPLES_PEARS,Stored apples / pears,edibles,FRUITS & BERRIES,NOVEMBER; DECEMBER,2,NOVEMBER: Stored apples / pears — — Check monthly; 🌾 remove any rotting fruit || DECEMBER: Stored apples / pears — — Check; remove any rot🌾
STRAWBERRIES,Strawberries,edibles,FRUITS & BERRIES,MAY; JUNE,2,MAY: Strawberries — — Flowers forming; 🌸 remove 1st-yr runners' flowers || JUNE: Strawberries — — Full harvest Wk 1–4🌾
STRAWBERRIES_BARE_ROOT,Strawberries (bare-root),edibles,FRUITS & BERRIES,FEBRUARY,1,FEBRUARY: Strawberries (bare-root) — Late Feb if ground 🌿 workable —
STRAWBERRIES_FROM_SEED,Strawberries (from seed),edibles,FRUITS & BERRIES,MARCH,1,MARCH: Strawberries (from seed) Wk 1 (long season needed) — —
STRAWBERRIES_CURRANTS_GOOSEBERRIES_BARE_ROOT,Strawberries / Currants / Gooseberries (bare-root),edibles,FRUITS & BERRIES,MARCH,1,MARCH: Strawberries / Currants / Gooseberries (bare-root) — Mar if ground workable🌿 —
STRAWBERRY_RUNNERS,Strawberry runners,edibles,FRUITS & BERRIES,APRIL,1,APRIL: Strawberry runners — Plant outdoors Wk 3–4🌿 —
SUMMER_FLOWERING_SHRUBS,Summer-flowering shrubs,ornamentals,SHRUBS & TREES (Ornamental),MARCH,1,MARCH: Summer-flowering shrubs — — ✄ Prune Mar; feed roses
SUNFLOWER,Sunflower,ornamentals,CUT FLOWERS,MAY,1,MAY: Sunflower — Direct sow Wk 1–2🌿 —
SUNFLOWER_CORN,Sunflower / Corn,edibles,LEGUMES & GRAINS,AUGUST,1,AUGUST: Sunflower / Corn — — Sunflower heads 🌾 mature; corn harvest late Aug
SWEET_PEA,Sweet Pea,ornamentals,ANNUAL FLOWERS,JULY,1,JULY: Sweet Pea — — Peak — harvest every 🌸 day to extend
SWEET_PEAS,Sweet Peas,ornamentals,ANNUAL FLOWERS,MARCH; APRIL,3,MARCH: Sweet Peas — Direct sow outdoors 🌿 Wk 3–4 — || APRIL: Sweet Peas — Direct sow Wk 1–2🌿 — || APRIL: Sweet Peas — → Transplant 🌍 🌍 outdoors Wk 3–4 —
SWEET_PEAS_ALLIUM_IRIS_AQUILEGIA,Sweet Peas / Allium / Iris / Aquilegia,ornamentals,CUT FLOWERS,MAY,1,MAY: Sweet Peas / Allium / Iris / Aquilegia — — Excellent for cutting🌸
SWEET_POTATO_SLIPS,Sweet potato slips,edibles,ROOTS & TUBERS,MAY,1,MAY: Sweet potato slips — Plant late May (soil 🌿 warm) —
TENDER_SHRUBS_AGAPANTHUS_CROCOSMIA,"Tender shrubs (Agapanthus, Crocosmia)",ornamentals,SHRUBS & TREES (Ornamental),SEPTEMBER,1,"SEPTEMBER: Tender shrubs (Agapanthus, Crocosmia) — — Begin mulching crowns🌲 with straw"
TENDER_SHRUBS_CEANOTHUS_MYRTLE,"Tender shrubs (Ceanothus, Myrtle)",ornamentals,SHRUBS & TREES (Ornamental),NOVEMBER,1,"NOVEMBER: Tender shrubs (Ceanothus, Myrtle) — — Mulch base protection 🌲"
TOMATOES,Tomatoes,edibles,VEGETABLES,MARCH; MAY,2,MARCH: Tomatoes Wk 1–2 (8–10 wks before transplant) — — || MAY: Tomatoes — → Transplant Wk 1–2🌍 🌍 (hardened) —
TOMATOES_LAST_PUSH,Tomatoes (last push),edibles,VEGETABLES,SEPTEMBER,1,SEPTEMBER: Tomatoes (last push) — — Last push before frost; 🌾 ripen indoors if needed
TULIPS,Tulips,ornamentals,BULBS & CORMS,OCTOBER,1,OCTOBER: Tulips — Plant Wk 3–4 (late 🍅 planting reduces tulip fire) —
TURNIPS,Turnips,edibles,VEGETABLES,DECEMBER,1,DECEMBER: Turnips — — Harvest as needed 🌾
TURNIPS_RADISH,Turnips / Radish,edibles,ROOTS & TUBERS,AUGUST,1,AUGUST: Turnips / Radish — Direct sow Wk 1–2 for 🌿 fall —
VIBURNUM_MAHONIA_STEMS_HOLLY_BERRIES,Viburnum / Mahonia stems / Holly berries,ornamentals,CUT FLOWERS,NOVEMBER,1,NOVEMBER: Viburnum / Mahonia stems / Holly berries — — For fragrant indoor 🌸 arrangements
VIBURNUM_BODNANTENSE_DAWN,Viburnum bodnantense 'Dawn',ornamentals,SHRUBS & TREES (Ornamental),NOVEMBER; DECEMBER,2,NOVEMBER: Viburnum bodnantense 'Dawn' — — Beginning to bloom — 🌸 beautifully fragrant ❄ || DECEMBER: Viburnum bodnantense 'Dawn' — — Fragrant mid-winter 🌸 bloom — outstanding
WINTER_LETTUCE_M_CHE_CORN_SALAD,Winter Lettuce / Mâche / Corn Salad,edibles,VEGETABLES,SEPTEMBER,1,SEPTEMBER: Winter Lettuce / Mâche / Corn Salad — Direct sow under cover🌿 Wk 1–2 —
WINTER_PANSY_WALLFLOWER,Winter Pansy / Wallflower,ornamentals,ANNUAL FLOWERS,SEPTEMBER,1,SEPTEMBER: Winter Pansy / Wallflower — Sow outdoors Wk 1–2🌿 —
WINTER_SPINACH_CLAYTONIA_OVERWINTERING_LETTUCE,Winter Spinach / Claytonia / Overwintering Lettuce,edibles,VEGETABLES,NOVEMBER,1,NOVEMBER: Winter Spinach / Claytonia / Overwintering Lettuce — — Harvest under cover 🌾 only ❄
WINTER_SQUASH,Winter Squash,edibles,VEGETABLES,OCTOBER,1,OCTOBER: Winter Squash ❄ — — Harvest ALL before 🌾 mid-Oct
WINTER_SQUASH_PEPPERS_CORN_CUCUMBERS_EGGPLANT,Winter Squash / Peppers / Corn / Cucumbers / Eggplant,edibles,VEGETABLES,SEPTEMBER,1,SEPTEMBER: Winter Squash / Peppers / Corn / Cucumbers / Eggplant — — Harvest before frost 🌾 (squash by end Sep)
WINTERSWEET_CHIMONANTHUS,Wintersweet (Chimonanthus),ornamentals,SHRUBS & TREES (Ornamental),DECEMBER,1,DECEMBER: Wintersweet (Chimonanthus) — — If established — 🌸 exquisite fragrance ❄
WISTERIA,Wisteria,ornamentals,SHRUBS & TREES (Ornamental),AUGUST,1,AUGUST: Wisteria — — ✄ Second summer prune (Aug); cut to 5 leaves
WITCH_HAZEL_HAMAMELIS,Witch Hazel (Hamamelis),ornamentals,SHRUBS & TREES (Ornamental),JANUARY; FEBRUARY; DECEMBER,3,JANUARY: Witch Hazel (Hamamelis) — — Blooming — fragrant 🌸 winter display || FEBRUARY: Witch Hazel (Hamamelis) — — Blooming — fragrant in🌸 mild spells || DECEMBER: Witch Hazel (Hamamelis) — — Buds swelling; first spidery blooms soon
YARROW_BLUE_EYED_GRASS_SISYRINCHIUM,Yarrow / Blue-eyed Grass (Sisyrinchium),ornamentals,BC NATIVE PLANTS,JUNE,1,JUNE: Yarrow / Blue-eyed Grass (Sisyrinchium) — — Blooming in meadow 🌸 areas
ZINNIA_COSMOS,Zinnia / Cosmos,ornamentals,ANNUAL FLOWERS,MARCH,1,MARCH: Zinnia / Cosmos Wk 3 — —
ZINNIA_COSMOS_MARIGOLD_CLEOME_NICOTIANA,Zinnia / Cosmos / Marigold / Cleome / Nicotiana,ornamentals,ANNUAL FLOWERS,JULY; AUGUST,2,JULY: Zinnia / Cosmos / Marigold / Cleome / Nicotiana — — Full peak bloom; 🌸 deadhead daily ✄ || AUGUST: Zinnia / Cosmos / Marigold / Cleome / Nicotiana — — Peak late summer; 🌸 deadhead aggressively ✄
ZINNIA_COSMOS_MARIGOLD_NASTURTIUM_DAHLIA,Zinnia / Cosmos / Marigold / Nasturtium / Dahlia,ornamentals,ANNUAL FLOWERS,SEPTEMBER,1,SEPTEMBER: Zinnia / Cosmos / Marigold / Nasturtium / Dahlia — — Still blooming; enjoy 🌸 the last of summer
ZINNIA_COSMOS_NASTURTIUM_SUNFLOWER_MORNING_GLORY_BORAGE,Zinnia / Cosmos / Nasturtium / Sunflower / Morning Glory / Borage,ornamentals,ANNUAL FLOWERS,MAY,1,MAY: Zinnia / Cosmos / Nasturtium / Sunflower / Morning Glory / Borage — Direct sow Wk 1–3🌿 —
ZINNIA_COSMOS_SUNFLOWER_DAHLIA_LILY_ECHINACEA_RUDBECKIA_SWEET_PEA_LAVENDER,Zinnia / Cosmos / Sunflower / Dahlia / Lily / Echinacea / Rudbeckia / Sweet Pea / Lavender,ornamentals,CUT FLOWERS,JULY,1,JULY: Zinnia / Cosmos / Sunflower / Dahlia / Lily / Echinacea / Rudbeckia / Sweet Pea / Lavender — — Best cutting month of 🌸 the year; harvest in morning
ZINNIAS_COSMOS_NICOTIANA_CLEOME,Zinnias / Cosmos / Nicotiana / Cleome,ornamentals,ANNUAL FLOWERS,MAY,1,MAY: Zinnias / Cosmos / Nicotiana / Cleome — → Transplant Wk 1–2🌍 🌍 —
