category,subcategory,display_name,source_name,normalized_name,source_scope,source_status,verification_status,latin_name,family,life_cycle,growth_habit,root_or_storage_organ,leaf_arrangement_shape,flower_structure,fruit_seed_structure,indoor_sow_window,direct_sow_window,transplant_window,bloom_window,harvest_window,frost_notes,soil_notes,water_notes,spacing_notes,light_notes,maintenance_notes,pests_diseases,illustration_brief_status,illustration_prompt_status,notes,calendar_match_count,calendar_months,calendar_sections,calendar_page_types,calendar_actions,calendar_match_status
vegetable,,Arugula,Arugula,Arugula,local-image,verified-local,pending-verification,,,,,,,,,,,,,,,,,,,,,generated,generated,,2,MARCH; SEPTEMBER,VEGETABLES,edibles,MARCH: Radish / Arugula / Mâche — Wk 3–4 (under fleece)🌿 — || SEPTEMBER: Spinach / Pak Choi / Arugula — Direct sow Wk 1–3🌿 —,matched
vegetable,,Asparagus,Asparagus,Asparagus,local-image,verified-local,pending-verification,,,,,,,,,,,,,,,,,,,,,generated,generated,,9,JANUARY; FEBRUARY; APRIL; MAY; JUNE; JULY; AUGUST; OCTOBER; NOVEMBER,PERENNIAL EDIBLES,edibles,JANUARY: Asparagus — — Fully dormant ❄ || FEBRUARY: Asparagus — — Still dormant ❄ || APRIL: Asparagus — — Harvest begins Wk 3–4🌾 || MAY: Asparagus — — Full harvest — pick 🌾 daily || JUNE: Asparagus — — ✄ Stop harvesting Wk 1– 2; allow fern growth || JULY: Rhubarb / Asparagus — — Do NOT harvest; let plants build energy || AUGUST: Rhubarb / Asparagus — — Resting; asparagus fern — leave standing || OCTOBER: Asparagus — — Mulch with straw Wk 🌲 3–4 || NOVEMBER: Asparagus — — Mulch with straw; 🌲 leave ferns standing,matched
vegetable,,Beans,Beans,Beans,local-image,verified-local,pending-verification,,,,,,,,,,,,,,,,,,,,,generated,generated,,3,JULY; AUGUST,VEGETABLES; LEGUMES & GRAINS,edibles,JULY: Beans (for fall) / Lettuce (bolt-resistant) — Succession Wk 1–2 🌿 only — || JULY: Peas / Beans / Zucchini / Cucumber — — Full harvest swing🌾 || AUGUST: Beans (full harvest) — — Leave some pods to 🌾 dry for seed/storage,matched
vegetable,,Beets,Beets,Beets,local-image,verified-local,pending-verification,,,,,,,,,,,,,,,,,,,,,generated,generated,,13,JANUARY; APRIL; MAY; JUNE; JULY; AUGUST; SEPTEMBER; OCTOBER; NOVEMBER; DECEMBER,ROOTS & TUBERS; VEGETABLES,edibles,JANUARY: Potatoes / Carrots / Beets — — Check cold storage; remove rot || APRIL: Carrots / Beets (succession) — Direct sow Wk 3–4🌿 — || MAY: Beets / Carrots / Lettuce / Chard / Kale — Succession sow Wk 1–🌿 4 — || MAY: Carrots / Beets / Parsnips — Succession sow🌿 — || JUNE: Carrots / Beets (last sow for fall) — Last main sow Wk 1–2🌿 — Early new potatoes — — Check Wk 3–4 if 🌾 planted late March || JULY: Beets / Carrots / Kale / Chard — Wk 1–2 (last chance 🌿 for Kale/Chard) — || JULY: Carrots / Beets / Turnips — Last chance Wk 1 only🌿 Harvest new potatoes🌾 || AUGUST: Potatoes / Carrots / Beets — — Harvest and store🌾 || SEPTEMBER: Beets / Carrots / Parsnips / Kale / Chard / Leeks — — Continuing harvest🌾 || OCTOBER: Beets / Carrots / Parsnips — — Harvest; store in damp🌾 sand || OCTOBER: Carrots / Beets — — Harvest and store in 🌾 damp sand || NOVEMBER: Parsnips / Carrots / Beets — — Harvest from storage 🌾 or mulched ground || DECEMBER: Parsnips / Carrots / Beets / Celeriac — — Harvest from storage 🌾 or mulched ground,matched
vegetable,,Bell Pepper,Bell Pepper,Bell Pepper,local-image,verified-local,pending-verification,,,,,,,,,,,,,,,,,,,,,generated,generated,,0,,,,,unmatched
vegetable,,Broccoli,Broccoli,Broccoli,local-image,verified-local,pending-verification,,,,,,,,,,,,,,,,,,,,,generated,generated,,2,MARCH; SEPTEMBER,VEGETABLES,edibles,MARCH: Broccoli / Cauliflower / Cabbage Wk 1 — — || SEPTEMBER: Broccoli / Kale (starts to protected beds) — → Transplant Wk 1–2🌍 🌍 —,matched
vegetable,,Brussels Sprouts,Brussel Sprout,Brussels Sprouts,local-image,verified-local,pending-verification,,,,,,,,,,,,,,,,,,,,,generated,generated,Normalized from image spelling.,4,MARCH; OCTOBER; NOVEMBER; DECEMBER,VEGETABLES,edibles,MARCH: Brussels Sprouts Wk 1–2 — — || OCTOBER: Leeks / Kale / Chard / Brussels Sprouts / Turnips / Celeriac — — Continue harvesting; 🌾 improve with frost || NOVEMBER: Brussels Sprouts — — Better after frost — 🌾 sweeter flavour || DECEMBER: Brussels Sprouts — — Best now — frost 🌾 improves flavour greatly,matched
vegetable,,Cabbage,Cabbage,Cabbage,local-image,verified-local,pending-verification,,,,,,,,,,,,,,,,,,,,,generated,generated,,1,MARCH,VEGETABLES,edibles,MARCH: Broccoli / Cauliflower / Cabbage Wk 1 — —,matched
vegetable,,Cantaloupe,Cantaloupe,Cantaloupe,local-image,verified-local,pending-verification,,,,,,,,,,,,,,,,,,,,,generated,generated,,0,,,,,unmatched
vegetable,,Carrots,Carrots,Carrots,local-image,verified-local,pending-verification,,,,,,,,,,,,,,,,,,,,,generated,generated,,14,JANUARY; MARCH; APRIL; MAY; JUNE; JULY; AUGUST; SEPTEMBER; OCTOBER; NOVEMBER; DECEMBER,ROOTS & TUBERS; VEGETABLES,edibles,JANUARY: Potatoes / Carrots / Beets — — Check cold storage; remove rot || MARCH: Carrots — Wk 3–4 under fleece🌿 — || APRIL: Carrots / Beets (succession) — Direct sow Wk 3–4🌿 — || MAY: Beets / Carrots / Lettuce / Chard / Kale — Succession sow Wk 1–🌿 4 — || MAY: Carrots / Beets / Parsnips — Succession sow🌿 — || JUNE: Carrots / Beets (last sow for fall) — Last main sow Wk 1–2🌿 — Early new potatoes — — Check Wk 3–4 if 🌾 planted late March || JULY: Beets / Carrots / Kale / Chard — Wk 1–2 (last chance 🌿 for Kale/Chard) — || JULY: Carrots / Beets / Turnips — Last chance Wk 1 only🌿 Harvest new potatoes🌾 || AUGUST: Potatoes / Carrots / Beets — — Harvest and store🌾 || SEPTEMBER: Beets / Carrots / Parsnips / Kale / Chard / Leeks — — Continuing harvest🌾 || OCTOBER: Beets / Carrots / Parsnips — — Harvest; store in damp🌾 sand || OCTOBER: Carrots / Beets — — Harvest and store in 🌾 damp sand || NOVEMBER: Parsnips / Carrots / Beets — — Harvest from storage 🌾 or mulched ground || DECEMBER: Parsnips / Carrots / Beets / Celeriac — — Harvest from storage 🌾 or mulched ground,matched
vegetable,,Cauliflower,Cauliflower,Cauliflower,local-image,verified-local,pending-verification,,,,,,,,,,,,,,,,,,,,,generated,generated,,1,MARCH,VEGETABLES,edibles,MARCH: Broccoli / Cauliflower / Cabbage Wk 1 — —,matched
vegetable,,Celery,Celery,Celery,local-image,verified-local,pending-verification,,,,,,,,,,,,,,,,,,,,,generated,generated,,1,FEBRUARY,VEGETABLES,edibles,FEBRUARY: Celery / Celeriac Wk 1 (16 wks to transplant) — —,matched
vegetable,,Corn,Corn,Corn,local-image,verified-local,pending-verification,,,,,,,,,,,,,,,,,,,,,generated,generated,,4,MAY; AUGUST; SEPTEMBER,VEGETABLES; LEGUMES & GRAINS,edibles,MAY: Corn — Direct sow Wk 3–4🌿 — || MAY: Corn / Sunflower — Direct sow Wk 3–4🌿 — || AUGUST: Sunflower / Corn — — Sunflower heads 🌾 mature; corn harvest late Aug || SEPTEMBER: Winter Squash / Peppers / Corn / Cucumbers / Eggplant — — Harvest before frost 🌾 (squash by end Sep),matched
vegetable,,Cucumber,Cucumber,Cucumber,local-image,verified-local,pending-verification,,,,,,,,,,,,,,,,,,,,,generated,generated,,3,MAY; JULY; SEPTEMBER,VEGETABLES,edibles,MAY: Cucumber / Zucchini / Squash — → Transplant Wk 2–3🌍 🌍 — || JULY: Peas / Beans / Zucchini / Cucumber — — Full harvest swing🌾 || SEPTEMBER: Winter Squash / Peppers / Corn / Cucumbers / Eggplant — — Harvest before frost 🌾 (squash by end Sep),matched
vegetable,,Garlic,Garlic,Garlic,local-image,verified-local,pending-verification,,,,,,,,,,,,,,,,,,,,,generated,generated,,5,JANUARY; SEPTEMBER; OCTOBER; NOVEMBER; DECEMBER,VEGETABLES; PERENNIAL EDIBLES; ROOTS & TUBERS,edibles,JANUARY: Garlic (overwintering) — — ❄ Mulch in place; overwintering || SEPTEMBER: Garlic — Plant Wk 3–4 (ideal 🍅 window) — || OCTOBER: Garlic — Plant Wk 1–3 (last 🍅 good window) — || NOVEMBER: Garlic (last call) — Plant Wk 1 if not yet 🍅 done — || DECEMBER: Garlic (overwintering) — — Overwintering underground — nothing to do ❄,matched
vegetable,,Kohlrabi,Kohlrabi,Kohlrabi,local-image,verified-local,pending-verification,,,,,,,,,,,,,,,,,,,,,generated,generated,,0,,,,,unmatched
vegetable,,Leeks,Leeks,Leeks,local-image,verified-local,pending-verification,,,,,,,,,,,,,,,,,,,,,generated,generated,,5,FEBRUARY; SEPTEMBER; OCTOBER; NOVEMBER; DECEMBER,VEGETABLES,edibles,FEBRUARY: Leeks Wk 1–2 — — || SEPTEMBER: Beets / Carrots / Parsnips / Kale / Chard / Leeks — — Continuing harvest🌾 || OCTOBER: Leeks / Kale / Chard / Brussels Sprouts / Turnips / Celeriac — — Continue harvesting; 🌾 improve with frost || NOVEMBER: Leeks — — Continue harvesting 🌾 through winter || DECEMBER: Leeks / Chard (under cover) — — Harvest as needed ❄🌾 Mâche / Claytonia / Winter,matched
vegetable,,Lettuce,Lettuce,Lettuce,local-image,verified-local,pending-verification,,,,,,,,,,,,,,,,,,,,,generated,generated,,5,MARCH; MAY; JULY; SEPTEMBER; NOVEMBER,VEGETABLES,edibles,MARCH: Lettuce / Spinach Wk 1 (indoors) Wk 3–4 under cloche ❄🌿 — || MAY: Beets / Carrots / Lettuce / Chard / Kale — Succession sow Wk 1–🌿 4 — || JULY: Beans (for fall) / Lettuce (bolt-resistant) — Succession Wk 1–2 🌿 only — || SEPTEMBER: Winter Lettuce / Mâche / Corn Salad — Direct sow under cover🌿 Wk 1–2 — || NOVEMBER: Winter Spinach / Claytonia / Overwintering Lettuce — — Harvest under cover 🌾 only ❄,matched
vegetable,,Eggplant,Eggplant,Eggplant,local-image,verified-local,pending-verification,,,,,,,,,,,,,,,,,,,,,generated,generated,,3,FEBRUARY; MAY; SEPTEMBER,VEGETABLES,edibles,FEBRUARY: Eggplant (early) Wk 4 — — || MAY: Peppers / Eggplant — → Transplant Wk 1–2🌍 🌍 — || SEPTEMBER: Winter Squash / Peppers / Corn / Cucumbers / Eggplant — — Harvest before frost 🌾 (squash by end Sep),matched
vegetable,,Melons,Melons,Melons,local-image,verified-local,pending-verification,,,,,,,,,,,,,,,,,,,,,generated,generated,,0,,,,,unmatched
vegetable,,Okra,Okra,Okra,local-image,verified-local,pending-verification,,,,,,,,,,,,,,,,,,,,,generated,generated,,0,,,,,unmatched
vegetable,,Parsnips,Parsnips,Parsnips,local-image,verified-local,pending-verification,,,,,,,,,,,,,,,,,,,,,generated,generated,,9,MARCH; MAY; SEPTEMBER; OCTOBER; NOVEMBER; DECEMBER,ROOTS & TUBERS; VEGETABLES,edibles,MARCH: Parsnips — Wk 3–4 (needs warm 🌿 soil) — || MAY: Carrots / Beets / Parsnips — Succession sow🌿 — || SEPTEMBER: Beets / Carrots / Parsnips / Kale / Chard / Leeks — — Continuing harvest🌾 || OCTOBER: Beets / Carrots / Parsnips — — Harvest; store in damp🌾 sand || OCTOBER: Parsnips — — Leave some in ground 🌾 — frost sweetens them || NOVEMBER: Parsnips / Turnips / Celeriac — — Harvest or leave 🌾 mulched in ground || NOVEMBER: Parsnips / Carrots / Beets — — Harvest from storage 🌾 or mulched ground || DECEMBER: Parsnips — — Very sweet now — 🌾 best after hard frost || DECEMBER: Parsnips / Carrots / Beets / Celeriac — — Harvest from storage 🌾 or mulched ground,matched
vegetable,,Peas,Peas,Peas,local-image,verified-local,pending-verification,,,,,,,,,,,,,,,,,,,,,generated,generated,,3,MARCH; MAY; JULY,VEGETABLES,edibles,MARCH: Peas — Wk 3–4 (cold-tolerant) 🌿 — || MAY: Peas (second sowing) — Wk 1–2 for late crop🌿 — || JULY: Peas / Beans / Zucchini / Cucumber — — Full harvest swing🌾,matched
vegetable,,Potatoes,Potatoes,Potatoes,local-image,verified-local,pending-verification,,,,,,,,,,,,,,,,,,,,,generated,generated,,2,JANUARY; AUGUST,ROOTS & TUBERS,edibles,JANUARY: Potatoes / Carrots / Beets — — Check cold storage; remove rot || AUGUST: Potatoes / Carrots / Beets — — Harvest and store🌾,matched
vegetable,,Spinach,Spinach,Spinach,local-image,verified-local,pending-verification,,,,,,,,,,,,,,,,,,,,,generated,generated,,5,MARCH; SEPTEMBER; OCTOBER; NOVEMBER; DECEMBER,VEGETABLES,edibles,MARCH: Lettuce / Spinach Wk 1 (indoors) Wk 3–4 under cloche ❄🌿 — || SEPTEMBER: Spinach / Pak Choi / Arugula — Direct sow Wk 1–3🌿 — || OCTOBER: Mâche / Claytonia / Winter Spinach — Direct sow under 🌿 cloche Wk 1–2 — || NOVEMBER: Winter Spinach / Claytonia / Overwintering Lettuce — — Harvest under cover 🌾 only ❄ || DECEMBER: Spinach (under cover) — — Harvest under glass or 🌾 polytunnel,matched
vegetable,,Sweet Potato,Sweet Potash,Sweet Potato,local-image,verified-local,pending-verification,,,,,,,,,,,,,,,,,,,,,generated,generated,Normalized from image spelling.,0,,,,,unmatched
vegetable,,Summer Squash,Sommer Squath,Summer Squash,local-image,verified-local,pending-verification,,,,,,,,,,,,,,,,,,,,,generated,generated,Normalized from image spelling.,0,,,,,unmatched
vegetable,,Swiss Chard,Swiss Chard,Swiss Chard,local-image,verified-local,pending-verification,,,,,,,,,,,,,,,,,,,,,generated,generated,,0,,,,,unmatched
vegetable,,Tomatoes,Tomatoes,Tomatoes,local-image,verified-local,pending-verification,,,,,,,,,,,,,,,,,,,,,generated,generated,,4,MARCH; MAY; SEPTEMBER; OCTOBER,VEGETABLES,edibles,MARCH: Tomatoes Wk 1–2 (8–10 wks before transplant) — — || MAY: Tomatoes — → Transplant Wk 1–2🌍 🌍 (hardened) — || SEPTEMBER: Tomatoes (last push) — — Last push before frost; 🌾 ripen indoors if needed || OCTOBER: Peppers / Tomatoes (green) — — Last harvest; ripen 🌾 tomatoes indoors,matched
flower,annual,Marigold,Marigold,Marigold,local-image,verified-local,pending-verification,,,,,,,,,,,,,,,,,,,,,generated,generated,,6,MARCH; MAY; JUNE; JULY; AUGUST; SEPTEMBER,ANNUAL FLOWERS,ornamentals,MARCH: Marigold Wk 2 — — || MAY: Impatiens / Marigolds / Petunias / Begonias — → All frost-tender 🌍 🌍 annuals outdoors Wk 1–2 — || JUNE: Marigold / Lobelia / Petunia / Snapdragon — — First annuals blooming🌸 || JULY: Zinnia / Cosmos / Marigold / Cleome / Nicotiana — — Full peak bloom; 🌸 deadhead daily ✄ || AUGUST: Zinnia / Cosmos / Marigold / Cleome / Nicotiana — — Peak late summer; 🌸 deadhead aggressively ✄ || SEPTEMBER: Zinnia / Cosmos / Marigold / Nasturtium / Dahlia — — Still blooming; enjoy 🌸 the last of summer,matched
flower,annual,Zinnia,Zinnia,Zinnia,local-image,verified-local,pending-verification,,,,,,,,,,,,,,,,,,,,,generated,generated,,8,MARCH; MAY; JUNE; JULY; AUGUST; SEPTEMBER,ANNUAL FLOWERS; CUT FLOWERS,ornamentals,MARCH: Zinnia / Cosmos Wk 3 — — || MAY: Zinnias / Cosmos / Nicotiana / Cleome — → Transplant Wk 1–2🌍 🌍 — || MAY: Zinnia / Cosmos / Nasturtium / Sunflower / Morning Glory / Borage — Direct sow Wk 1–3🌿 — || JUNE: Nasturtium / Cosmos / Zinnia (early vars.) — — Beginning to bloom; 🌸 deadhead ✄ || JULY: Zinnia / Cosmos / Marigold / Cleome / Nicotiana — — Full peak bloom; 🌸 deadhead daily ✄ || JULY: Zinnia / Cosmos / Sunflower / Dahlia / Lily / Echinacea / Rudbeckia / Sweet Pea / Lavender — — Best cutting month of 🌸 the year; harvest in morning || AUGUST: Zinnia / Cosmos / Marigold / Cleome / Nicotiana — — Peak late summer; 🌸 deadhead aggressively ✄ || SEPTEMBER: Zinnia / Cosmos / Marigold / Nasturtium / Dahlia — — Still blooming; enjoy 🌸 the last of summer,matched
flower,annual,Cosmos,Cosmos,Cosmos,local-image,verified-local,pending-verification,,,,,,,,,,,,,,,,,,,,,generated,generated,,9,MARCH; MAY; JUNE; JULY; AUGUST; SEPTEMBER,ANNUAL FLOWERS; CUT FLOWERS,ornamentals,MARCH: Zinnia / Cosmos Wk 3 — — || MAY: Zinnias / Cosmos / Nicotiana / Cleome — → Transplant Wk 1–2🌍 🌍 — || MAY: Zinnia / Cosmos / Nasturtium / Sunflower / Morning Glory / Borage — Direct sow Wk 1–3🌿 — || JUNE: Nasturtium / Cosmos / Zinnia (early vars.) — — Beginning to bloom; 🌸 deadhead ✄ || JULY: Zinnia / Cosmos / Marigold / Cleome / Nicotiana — — Full peak bloom; 🌸 deadhead daily ✄ || JULY: Zinnia / Cosmos / Sunflower / Dahlia / Lily / Echinacea / Rudbeckia / Sweet Pea / Lavender — — Best cutting month of 🌸 the year; harvest in morning || AUGUST: Zinnia / Cosmos / Marigold / Cleome / Nicotiana — — Peak late summer; 🌸 deadhead aggressively ✄ || SEPTEMBER: Zinnia / Cosmos / Marigold / Nasturtium / Dahlia — — Still blooming; enjoy 🌸 the last of summer || SEPTEMBER: Cosmos / Calendula / Nigella (self-seeding) — — Do NOT deadhead last flush — let seed fall,matched
flower,annual,Nasturtium,Nasturtium,Nasturtium,local-image,verified-local,pending-verification,,,,,,,,,,,,,,,,,,,,,generated,generated,,4,MAY; JUNE; JULY; SEPTEMBER,ANNUAL FLOWERS,ornamentals,MAY: Zinnia / Cosmos / Nasturtium / Sunflower / Morning Glory / Borage — Direct sow Wk 1–3🌿 — || JUNE: Nasturtium / Cosmos / Zinnia (early vars.) — — Beginning to bloom; 🌸 deadhead ✄ || JULY: Nasturtium / Calendula (for fall) — Last sow Wk 1🌿 Blooming continuously🌸 || SEPTEMBER: Zinnia / Cosmos / Marigold / Nasturtium / Dahlia — — Still blooming; enjoy 🌸 the last of summer,matched
flower,annual,Sunflower,Sunflower,Sunflower,local-image,verified-local,pending-verification,,,,,,,,,,,,,,,,,,,,,generated,generated,,5,MAY; JULY; AUGUST,LEGUMES & GRAINS; ANNUAL FLOWERS; CUT FLOWERS,edibles; ornamentals,MAY: Corn / Sunflower — Direct sow Wk 3–4🌿 — || MAY: Zinnia / Cosmos / Nasturtium / Sunflower / Morning Glory / Borage — Direct sow Wk 1–3🌿 — || MAY: Sunflower — Direct sow Wk 1–2🌿 — || JULY: Zinnia / Cosmos / Sunflower / Dahlia / Lily / Echinacea / Rudbeckia / Sweet Pea / Lavender — — Best cutting month of 🌸 the year; harvest in morning || AUGUST: Sunflower / Corn — — Sunflower heads 🌾 mature; corn harvest late Aug,matched
flower,annual,Sweet Pea,Sweet Pea,Sweet Pea,local-image,verified-local,pending-verification,,,,,,,,,,,,,,,,,,,,,generated,generated,,8,MARCH; APRIL; MAY; JUNE; JULY,ANNUAL FLOWERS; CLIMBING VINES; CUT FLOWERS,ornamentals,MARCH: Sweet Peas — Direct sow outdoors 🌿 Wk 3–4 — || APRIL: Sweet Peas — Direct sow Wk 1–2🌿 — || APRIL: Sweet Peas — → Transplant 🌍 🌍 outdoors Wk 3–4 — || MAY: Sweet Peas / Allium / Iris / Aquilegia — — Excellent for cutting🌸 || JUNE: Honeysuckle / Clematis 'Nelly Moser' type / Sweet Peas — — Peak — harvest Sweet 🌸 || JUNE: Allium / Iris / Sweet Pea / Lupine / Foxglove / Salvia — — Excellent cutting; 🌸 harvest in morning || JULY: Sweet Pea — — Peak — harvest every 🌸 day to extend || JULY: Zinnia / Cosmos / Sunflower / Dahlia / Lily / Echinacea / Rudbeckia / Sweet Pea / Lavender — — Best cutting month of 🌸 the year; harvest in morning,matched
flower,annual,Calendula,Calendula,Calendula,local-image,verified-local,pending-verification,,,,,,,,,,,,,,,,,,,,,generated,generated,,4,APRIL; JULY; AUGUST; SEPTEMBER,ANNUAL FLOWERS,ornamentals,APRIL: Larkspur / Poppy / Nigella / Calendula / Borage — Direct sow Wk 2–4🌿 — || JULY: Nasturtium / Calendula (for fall) — Last sow Wk 1🌿 Blooming continuously🌸 || AUGUST: Calendula / Pansy / Wallflower (for autumn) — Sow now for 🌿 autumn/spring display — || SEPTEMBER: Cosmos / Calendula / Nigella (self-seeding) — — Do NOT deadhead last flush — let seed fall,matched
flower,perennial,Dahlia,Dahlia,Dahlia,local-image,verified-local,pending-verification,,,,,,,,,,,,,,,,,,,,,generated,generated,,5,JULY; AUGUST; SEPTEMBER; OCTOBER,BULBS & CORMS; CUT FLOWERS; ANNUAL FLOWERS,ornamentals,JULY: Dahlia (early varieties) — — First dahlias opening🌸 || JULY: Zinnia / Cosmos / Sunflower / Dahlia / Lily / Echinacea / Rudbeckia / Sweet Pea / Lavender — — Best cutting month of 🌸 the year; harvest in morning || AUGUST: Dahlia — — Peak bloom — 🌸 || SEPTEMBER: Zinnia / Cosmos / Marigold / Nasturtium / Dahlia — — Still blooming; enjoy 🌸 the last of summer || OCTOBER: Dahlias — — Lift after first hard frost; dry 2 wks; store cool,matched
flower,perennial,Peony,Peony,Peony,local-image,verified-local,pending-verification,,,,,,,,,,,,,,,,,,,,,generated,generated,,0,,,,,unmatched
flower,perennial,Iris,Iris,Iris,local-image,verified-local,pending-verification,,,,,,,,,,,,,,,,,,,,,generated,generated,,6,MAY; JUNE; SEPTEMBER,HARDY PERENNIALS; CUT FLOWERS; BULBS & CORMS,ornamentals,MAY: Aquilegia / Geranium / Lupine / Iris — — Blooming — peak early🌸 perennials || MAY: Sweet Peas / Allium / Iris / Aquilegia — — Excellent for cutting🌸 || JUNE: Lupine / Iris / Salvia nemorosa / Allium — — Peak early summer 🌸 perennials || JUNE: Allium / late Iris / first Lily buds — — Blooming; stake tall 🌸 || JUNE: Allium / Iris / Sweet Pea / Lupine / Foxglove / Salvia — — Excellent cutting; 🌸 harvest in morning || SEPTEMBER: Iris / Daylily / Hosta (early-spring types) — ✄ Divide Wk 1–3 —,matched
flower,perennial,Daylily,Daylily,Daylily,local-image,verified-local,pending-verification,,,,,,,,,,,,,,,,,,,,,generated,generated,,4,MARCH; APRIL; JULY; SEPTEMBER,HARDY PERENNIALS,ornamentals,MARCH: Hostas / Daylilies / Asters — Divide emerging clumps ✄ Emerging from ground || APRIL: Hostas / Daylilies / Asters — Divide established clumps ✄ — || JULY: Daylily / Echinacea / Rudbeckia / Monarda — — Peak midsummer 🌸 perennials || SEPTEMBER: Iris / Daylily / Hosta (early-spring types) — ✄ Divide Wk 1–3 —,matched
flower,perennial,Lavender,Lavender,Lavender,local-image,verified-local,pending-verification,,,,,,,,,,,,,,,,,,,,,generated,generated,,3,JULY,SHRUBS & TREES (Ornamental); CUT FLOWERS,ornamentals,JULY: Roses (repeat flush) / Lavender / Hydrangea macrophylla — — Stunning summer 🌸 display || JULY: Lavender — — ✄ Prune lightly after first flush Wk 2–3 || JULY: Zinnia / Cosmos / Sunflower / Dahlia / Lily / Echinacea / Rudbeckia / Sweet Pea / Lavender — — Best cutting month of 🌸 the year; harvest in morning,matched
flower,perennial,Echinacea,Echinacea,Echinacea,local-image,verified-local,pending-verification,,,,,,,,,,,,,,,,,,,,,generated,generated,,4,FEBRUARY; JULY; AUGUST,HARDY PERENNIALS; CUT FLOWERS,ornamentals,FEBRUARY: Echinacea (Coneflower) Wk 2 — — || JULY: Daylily / Echinacea / Rudbeckia / Monarda — — Peak midsummer 🌸 perennials || JULY: Zinnia / Cosmos / Sunflower / Dahlia / Lily / Echinacea / Rudbeckia / Sweet Pea / Lavender — — Best cutting month of 🌸 the year; harvest in morning || AUGUST: Rudbeckia / Echinacea / Helenium / Solidago — — Late summer gold and 🌸 amber tones,matched
flower,perennial,Rudbeckia,Rudbeckia,Rudbeckia,local-image,verified-local,pending-verification,,,,,,,,,,,,,,,,,,,,,generated,generated,,6,MARCH; JULY; AUGUST; SEPTEMBER; OCTOBER,HARDY PERENNIALS; CUT FLOWERS,ornamentals,MARCH: Coneflower / Rudbeckia Wk 1 — — || JULY: Daylily / Echinacea / Rudbeckia / Monarda — — Peak midsummer 🌸 perennials || JULY: Zinnia / Cosmos / Sunflower / Dahlia / Lily / Echinacea / Rudbeckia / Sweet Pea / Lavender — — Best cutting month of 🌸 the year; harvest in morning || AUGUST: Rudbeckia / Echinacea / Helenium / Solidago — — Late summer gold and 🌸 amber tones || SEPTEMBER: Japanese Anemone / Rudbeckia / Helenium / Sedum — — Peak autumn 🌸 perennials || OCTOBER: Rudbeckia / Sedum / Schizostylis / Ornamental grasses — — Last cuttable flowers of🌸 the season,matched
flower,bulb,Tulip,Tulip,Tulip,local-image,verified-local,pending-verification,,,,,,,,,,,,,,,,,,,,,generated,generated,,3,MARCH; OCTOBER; NOVEMBER,BULBS & CORMS,ornamentals,MARCH: Daffodils / Crocus / early Tulips — — Blooming — peak 🌸 spring display || OCTOBER: Tulips — Plant Wk 3–4 (late 🍅 planting reduces tulip fire) — || NOVEMBER: Daffodil / Crocus / Allium / Muscari / Tulips — Last chance to plant 🍅 Wk 1–2,matched
flower,bulb,Daffodil,Daffodil,Daffodil,local-image,verified-local,pending-verification,,,,,,,,,,,,,,,,,,,,,generated,generated,,3,MARCH; OCTOBER; NOVEMBER,BULBS & CORMS,ornamentals,MARCH: Daffodils / Crocus / early Tulips — — Blooming — peak 🌸 spring display || OCTOBER: Daffodil / Hyacinth / Allium / Crocus / Muscari — Plant Wk 1–3🍅 — || NOVEMBER: Daffodil / Crocus / Allium / Muscari / Tulips — Last chance to plant 🍅 Wk 1–2,matched
flower,bulb,Crocus,Crocus,Crocus,local-image,verified-local,pending-verification,,,,,,,,,,,,,,,,,,,,,generated,generated,,4,FEBRUARY; MARCH; OCTOBER; NOVEMBER,BULBS & CORMS,ornamentals,FEBRUARY: Snowdrops / early Crocus — — Blooming ❄🌸 || MARCH: Daffodils / Crocus / early Tulips — — Blooming — peak 🌸 spring display || OCTOBER: Daffodil / Hyacinth / Allium / Crocus / Muscari — Plant Wk 1–3🍅 — || NOVEMBER: Daffodil / Crocus / Allium / Muscari / Tulips — Last chance to plant 🍅 Wk 1–2,matched
flower,bulb,Allium,Allium,Allium,local-image,verified-local,pending-verification,,,,,,,,,,,,,,,,,,,,,generated,generated,,7,MAY; JUNE; OCTOBER; NOVEMBER,HARDY PERENNIALS; CUT FLOWERS; BULBS & CORMS,ornamentals,MAY: Allium / Centaurea — — Beginning to bloom🌸 || MAY: Sweet Peas / Allium / Iris / Aquilegia — — Excellent for cutting🌸 || JUNE: Lupine / Iris / Salvia nemorosa / Allium — — Peak early summer 🌸 perennials || JUNE: Allium / late Iris / first Lily buds — — Blooming; stake tall 🌸 || JUNE: Allium / Iris / Sweet Pea / Lupine / Foxglove / Salvia — — Excellent cutting; 🌸 harvest in morning || OCTOBER: Daffodil / Hyacinth / Allium / Crocus / Muscari — Plant Wk 1–3🍅 — || NOVEMBER: Daffodil / Crocus / Allium / Muscari / Tulips — Last chance to plant 🍅 Wk 1–2,matched
flower,bulb,Hyacinth,Hyacinth,Hyacinth,local-image,verified-local,pending-verification,,,,,,,,,,,,,,,,,,,,,generated,generated,,1,OCTOBER,BULBS & CORMS,ornamentals,OCTOBER: Daffodil / Hyacinth / Allium / Crocus / Muscari — Plant Wk 1–3🍅 —,matched
ornamental,,Hostas,Hostas,Hostas,local-image,verified-local,pending-verification,,,,,,,,,,,,,,,,,,,,,generated,generated,,3,MARCH; APRIL; SEPTEMBER,HARDY PERENNIALS,ornamentals,MARCH: Hostas / Daylilies / Asters — Divide emerging clumps ✄ Emerging from ground || APRIL: Hostas / Daylilies / Asters — Divide established clumps ✄ — || SEPTEMBER: Iris / Daylily / Hosta (early-spring types) — ✄ Divide Wk 1–3 —,matched
ornamental,,Ferns,Ferns,Ferns,local-image,verified-local,pending-verification,,,,,,,,,,,,,,,,,,,,,generated,generated,Group label on source image; may need splitting into species later.,0,,,,,unmatched
ornamental,,Ornamental Grasses,Ornamental Grasses,Ornamental Grasses,local-image,verified-local,pending-verification,,,,,,,,,,,,,,,,,,,,,generated,generated,Group label on source image; may need splitting into species later.,0,,,,,unmatched
ornamental,,Sedum,Sedum,Sedum,local-image,verified-local,pending-verification,,,,,,,,,,,,,,,,,,,,,generated,generated,,3,SEPTEMBER; OCTOBER,HARDY PERENNIALS; CUT FLOWERS,ornamentals,SEPTEMBER: Japanese Anemone / Rudbeckia / Helenium / Sedum — — Peak autumn 🌸 perennials || OCTOBER: Japanese Anemone / Aster / Sedum / Schizostylis — — Fading; leave stems 🌸 for winter interest || OCTOBER: Rudbeckia / Sedum / Schizostylis / Ornamental grasses — — Last cuttable flowers of🌸 the season,matched
ornamental,,Heuchera,Heuchera,Heuchera,local-image,verified-local,pending-verification,,,,,,,,,,,,,,,,,,,,,generated,generated,,0,,,,,unmatched
ornamental,,Astilbe,Astilbe,Astilbe,local-image,verified-local,pending-verification,,,,,,,,,,,,,,,,,,,,,generated,generated,,0,,,,,unmatched
herb,,Rosemary,Rosemary,Rosemary,shared-plan,shared-plan,pending-verification,,,,,,,,,,,,,,,,,,,,,generated,generated,,4,MAY; OCTOBER; NOVEMBER; DECEMBER,HERBS,edibles,MAY: Rosemary / Thyme / Oregano — → Transplant now🌍 🌍 — || OCTOBER: Rosemary (exposed sites) — — Mulch base if in 🌲 exposed location ❄ || NOVEMBER: Parsley / Chives / Rosemary — — Harvest from 🌾 protected plants || DECEMBER: Rosemary / Sage / Thyme — — Frost-hardy; harvest in🌾 mild spells,matched
herb,,Thyme,Thyme,Thyme,shared-plan,shared-plan,pending-verification,,,,,,,,,,,,,,,,,,,,,generated,generated,,4,MAY; JULY; NOVEMBER; DECEMBER,HERBS,edibles,MAY: Rosemary / Thyme / Oregano — → Transplant now🌍 🌍 — || JULY: Basil / Dill / Cilantro / Parsley / Thyme / Oregano / Mint — — Full harvest; dry and 🌾 freeze surplus || NOVEMBER: Sage / Thyme — — Light harvest; thyme: 🌾 mulch crowns in exposed sites || DECEMBER: Rosemary / Sage / Thyme — — Frost-hardy; harvest in🌾 mild spells,matched
herb,,Oregano,Oregano,Oregano,shared-plan,shared-plan,pending-verification,,,,,,,,,,,,,,,,,,,,,generated,generated,,2,MAY; JULY,HERBS,edibles,MAY: Rosemary / Thyme / Oregano — → Transplant now🌍 🌍 — || JULY: Basil / Dill / Cilantro / Parsley / Thyme / Oregano / Mint — — Full harvest; dry and 🌾 freeze surplus,matched
herb,,Parsley,Parsley,Parsley,shared-plan,shared-plan,pending-verification,,,,,,,,,,,,,,,,,,,,,generated,generated,,8,FEBRUARY; APRIL; JUNE; JULY; SEPTEMBER; OCTOBER; NOVEMBER,HERBS,edibles,FEBRUARY: Parsley Wk 1–2 (slow germinator) — — || APRIL: Chives / Parsley (starts) — → Transplant Wk 3–4🌍 🌍 — || JUNE: Chives / Parsley / Dill / Chervil — — Harvest freely; dry or 🌾 freeze surplus || JULY: Basil / Dill / Cilantro / Parsley / Thyme / Oregano / Mint — — Full harvest; dry and 🌾 freeze surplus || SEPTEMBER: Parsley (for spring) — Sow Wk 1🌿 — || SEPTEMBER: Chives / Parsley / Basil (pot up) Pot up for indoor winter use — Basil: last chance — make pesto and freeze || OCTOBER: Parsley / Chives Pot up for indoor windowsill — Harvest last Basil; make pesto and freeze || NOVEMBER: Parsley / Chives / Rosemary — — Harvest from 🌾 protected plants,matched
herb,,Chives,Chives,Chives,shared-plan,shared-plan,pending-verification,,,,,,,,,,,,,,,,,,,,,generated,generated,,6,FEBRUARY; APRIL; JUNE; SEPTEMBER; OCTOBER; NOVEMBER,HERBS,edibles,FEBRUARY: Chives Wk 1–2 — — || APRIL: Chives / Parsley (starts) — → Transplant Wk 3–4🌍 🌍 — || JUNE: Chives / Parsley / Dill / Chervil — — Harvest freely; dry or 🌾 freeze surplus || SEPTEMBER: Chives / Parsley / Basil (pot up) Pot up for indoor winter use — Basil: last chance — make pesto and freeze || OCTOBER: Parsley / Chives Pot up for indoor windowsill — Harvest last Basil; make pesto and freeze || NOVEMBER: Parsley / Chives / Rosemary — — Harvest from 🌾 protected plants,matched
herb,,Basil,Basil,Basil,shared-plan,shared-plan,pending-verification,,,,,,,,,,,,,,,,,,,,,generated,generated,,7,FEBRUARY; MARCH; MAY; JUNE; JULY; SEPTEMBER,HERBS,edibles,"FEBRUARY: Basil Wk 4 (under lights, warm) — — || MARCH: Basil Wk 1–2 (indoors only) — — || MAY: Basil — → Transplant Wk 2 🌍 🌍 (soil must be warm) — || JUNE: Basil — — ✄ Pinch flowers to prolong leaf harvest || JULY: Basil / Dill / Cilantro / Parsley / Thyme / Oregano / Mint — — Full harvest; dry and 🌾 freeze surplus || JULY: Basil — — ✄ Pinch flowers continuously to prevent bolt || SEPTEMBER: Chives / Parsley / Basil (pot up) Pot up for indoor winter use — Basil: last chance — make pesto and freeze",matched
herb,,Dill,Dill,Dill,shared-plan,shared-plan,pending-verification,,,,,,,,,,,,,,,,,,,,,generated,generated,,6,MARCH; APRIL; MAY; JUNE; JULY; AUGUST,HERBS,edibles,MARCH: Dill Wk 1–2 Late Mar direct sow OK🌿 — || APRIL: Dill / Cilantro / Chervil / Fennel — Direct sow Wk 3–4🌿 — || MAY: Dill / Cilantro / Fennel — Succession direct sow🌿 — || JUNE: Chives / Parsley / Dill / Chervil — — Harvest freely; dry or 🌾 freeze surplus || JULY: Basil / Dill / Cilantro / Parsley / Thyme / Oregano / Mint — — Full harvest; dry and 🌾 freeze surplus || AUGUST: Dill / Cilantro seeds — — Save seeds as they dry on plant,matched
herb,,Cilantro,Cilantro,Cilantro,shared-plan,shared-plan,pending-verification,,,,,,,,,,,,,,,,,,,,,generated,generated,,5,MARCH; APRIL; MAY; JUNE; JULY,HERBS,edibles,MARCH: Cilantro — Direct sow late Mar🌿 — || APRIL: Dill / Cilantro / Chervil / Fennel — Direct sow Wk 3–4🌿 — || MAY: Dill / Cilantro / Fennel — Succession direct sow🌿 — || JUNE: Cilantro (before bolt) — — Harvest now — bolts 🌾 fast in heat || JULY: Basil / Dill / Cilantro / Parsley / Thyme / Oregano / Mint — — Full harvest; dry and 🌾 freeze surplus,matched
herb,,Chervil,Chervil,Chervil,shared-plan,shared-plan,pending-verification,,,,,,,,,,,,,,,,,,,,,generated,generated,,2,APRIL; JUNE,HERBS,edibles,APRIL: Dill / Cilantro / Chervil / Fennel — Direct sow Wk 3–4🌿 — || JUNE: Chives / Parsley / Dill / Chervil — — Harvest freely; dry or 🌾 freeze surplus,matched
herb,,Fennel,Fennel,Fennel,shared-plan,shared-plan,pending-verification,,,,,,,,,,,,,,,,,,,,,generated,generated,,2,APRIL; MAY,HERBS,edibles,APRIL: Dill / Cilantro / Chervil / Fennel — Direct sow Wk 3–4🌿 — || MAY: Dill / Cilantro / Fennel — Succession direct sow🌿 —,matched
fruit,,Apple,Apple,Apple,shared-plan,shared-plan,pending-verification,,,,,,,,,,,,,,,,,,,,,generated,generated,,10,JANUARY; FEBRUARY; MARCH; MAY; JUNE; SEPTEMBER; OCTOBER; NOVEMBER; DECEMBER,FRUITS & BERRIES,edibles,JANUARY: Apple / Pear / Plum / Cherry — — ✄ Prune dormant trees Jan–Feb || FEBRUARY: Apple / Pear / Plum / Cherry — — ✄ Prune before bud break (Feb) || MARCH: Apple / Pear / Cherry — — Apply dormant oil spray now || MAY: Apple / Pear — — Thin fruitlets late May (June drop) || JUNE: Apple / Pear — — Thin clusters to 1 fruit per spur || SEPTEMBER: Apples (main season) / Pears / Grapes (late Sep) — — Main apple harvest; 🌾 store carefully || OCTOBER: Apples (late) / Pears / Quince — — Last harvest; store in 🌾 cool dark place || NOVEMBER: Stored apples / pears — — Check monthly; 🌾 remove any rotting fruit || DECEMBER: Stored apples / pears — — Check; remove any rot🌾 || DECEMBER: Apple / Pear — — ✄ Dormant pruning Dec–,matched
fruit,,Pear,Pear,Pear,shared-plan,shared-plan,pending-verification,,,,,,,,,,,,,,,,,,,,,generated,generated,,10,JANUARY; FEBRUARY; MARCH; MAY; JUNE; SEPTEMBER; OCTOBER; NOVEMBER; DECEMBER,FRUITS & BERRIES,edibles,JANUARY: Apple / Pear / Plum / Cherry — — ✄ Prune dormant trees Jan–Feb || FEBRUARY: Apple / Pear / Plum / Cherry — — ✄ Prune before bud break (Feb) || MARCH: Apple / Pear / Cherry — — Apply dormant oil spray now || MAY: Apple / Pear — — Thin fruitlets late May (June drop) || JUNE: Apple / Pear — — Thin clusters to 1 fruit per spur || SEPTEMBER: Apples (main season) / Pears / Grapes (late Sep) — — Main apple harvest; 🌾 store carefully || OCTOBER: Apples (late) / Pears / Quince — — Last harvest; store in 🌾 cool dark place || NOVEMBER: Stored apples / pears — — Check monthly; 🌾 remove any rotting fruit || DECEMBER: Stored apples / pears — — Check; remove any rot🌾 || DECEMBER: Apple / Pear — — ✄ Dormant pruning Dec–,matched
fruit,,Plum,Plum,Plum,shared-plan,shared-plan,pending-verification,,,,,,,,,,,,,,,,,,,,,generated,generated,,3,JANUARY; FEBRUARY; AUGUST,FRUITS & BERRIES,edibles,JANUARY: Apple / Pear / Plum / Cherry — — ✄ Prune dormant trees Jan–Feb || FEBRUARY: Apple / Pear / Plum / Cherry — — ✄ Prune before bud break (Feb) || AUGUST: Raspberries / Blackberries / Plums — — Harvesting 🌾 continuously Early Apples / Pears (late,matched
fruit,,Cherry,Cherry,Cherry,shared-plan,shared-plan,pending-verification,,,,,,,,,,,,,,,,,,,,,generated,generated,,3,JANUARY; FEBRUARY; MARCH,FRUITS & BERRIES,edibles,JANUARY: Apple / Pear / Plum / Cherry — — ✄ Prune dormant trees Jan–Feb || FEBRUARY: Apple / Pear / Plum / Cherry — — ✄ Prune before bud break (Feb) || MARCH: Apple / Pear / Cherry — — Apply dormant oil spray now,matched
fruit,,Grapes,Grapes,Grapes,shared-plan,shared-plan,pending-verification,,,,,,,,,,,,,,,,,,,,,generated,generated,,1,SEPTEMBER,FRUITS & BERRIES,edibles,SEPTEMBER: Apples (main season) / Pears / Grapes (late Sep) — — Main apple harvest; 🌾 store carefully,matched
fruit,,Strawberries,Strawberries,Strawberries,shared-plan,shared-plan,pending-verification,,,,,,,,,,,,,,,,,,,,,generated,generated,,5,FEBRUARY; MARCH; MAY; JUNE,FRUITS & BERRIES,edibles,FEBRUARY: Strawberries (bare-root) — Late Feb if ground 🌿 workable — || MARCH: Strawberries (from seed) Wk 1 (long season needed) — — || MARCH: Strawberries / Currants / Gooseberries (bare-root) — Mar if ground workable🌿 — || MAY: Strawberries — — Flowers forming; 🌸 remove 1st-yr runners' flowers || JUNE: Strawberries — — Full harvest Wk 1–4🌾,matched
fruit,,Raspberries,Raspberries,Raspberries,shared-plan,shared-plan,pending-verification,,,,,,,,,,,,,,,,,,,,,generated,generated,,4,APRIL; JULY; AUGUST; SEPTEMBER,FRUITS & BERRIES,edibles,APRIL: Raspberries — — ✄ Cut back old canes || JULY: Raspberries (summer- bearing) — — Harvest; remove 🌾 fruited canes after || AUGUST: Raspberries / Blackberries / Plums — — Harvesting 🌾 continuously Early Apples / Pears (late || SEPTEMBER: Fall Raspberries / Blackberries / Everbearing Strawberries — — Harvest before first 🌾 frost,matched
fruit,,Blueberries,Blueberries,Blueberries,shared-plan,shared-plan,pending-verification,,,,,,,,,,,,,,,,,,,,,generated,generated,,5,MARCH; APRIL; MAY; JULY; AUGUST,FRUITS & BERRIES,edibles,MARCH: Blueberries — — ✄ Prune Mar; apply dormant spray || APRIL: Blueberries / Currants — — New growth beginning; feed now || MAY: Blueberries / Gooseberries — — Flowering; set fruit🌸 || JULY: Blueberries (mid-July onward) — — Peak harvest; pick 🌾 daily || AUGUST: Blueberries (peak August) — — Best month for 🌾 blueberries,matched
fruit,,Currants,Currants,Currants,shared-plan,shared-plan,pending-verification,,,,,,,,,,,,,,,,,,,,,generated,generated,,3,MARCH; APRIL; NOVEMBER,FRUITS & BERRIES,edibles,MARCH: Strawberries / Currants / Gooseberries (bare-root) — Mar if ground workable🌿 — || APRIL: Blueberries / Currants — — New growth beginning; feed now || NOVEMBER: Currants / Gooseberries — — ✄ Prune Nov–Feb while dormant,matched
fruit,,Gooseberries,Gooseberries,Gooseberries,shared-plan,shared-plan,pending-verification,,,,,,,,,,,,,,,,,,,,,generated,generated,,5,MARCH; MAY; JUNE; JULY; NOVEMBER,FRUITS & BERRIES,edibles,MARCH: Strawberries / Currants / Gooseberries (bare-root) — Mar if ground workable🌿 — || MAY: Blueberries / Gooseberries — — Flowering; set fruit🌸 || JUNE: Gooseberries — — Ready late June🌾 || JULY: Red / White Currants / Gooseberries — — Harvest and preserve🌾 Early Plums / Tayberry / || NOVEMBER: Currants / Gooseberries — — ✄ Prune Nov–Feb while dormant,matched
perennial-edible,,Rhubarb,Rhubarb,Rhubarb,shared-plan,shared-plan,pending-verification,,,,,,,,,,,,,,,,,,,,,generated,generated,,11,JANUARY; FEBRUARY; MARCH; APRIL; MAY; JUNE; JULY; AUGUST; OCTOBER; NOVEMBER; DECEMBER,PERENNIAL EDIBLES,edibles,JANUARY: Rhubarb — — Fully dormant ❄ || FEBRUARY: Rhubarb — — Crown tips may appear — leave || MARCH: Rhubarb — — Emerging — do not harvest 1st yr || APRIL: Rhubarb — — Harvest begins Wk 3–4🌾 || MAY: Rhubarb — — Harvest stalks; leave 🌾 some leaves || JUNE: Rhubarb — — Last harvest Wk 1–2; 🌾 leave plant to rest || JULY: Rhubarb / Asparagus — — Do NOT harvest; let plants build energy || AUGUST: Rhubarb / Asparagus — — Resting; asparagus fern — leave standing || OCTOBER: Rhubarb — Divide Wk 1–2 — || NOVEMBER: Rhubarb — — Dormant; do not disturb || DECEMBER: Rhubarb — — Fully dormant. Force under upturned pot for,matched
perennial-edible,,Globe Artichoke,Globe Artichoke,Globe Artichoke,shared-plan,shared-plan,pending-verification,,,,,,,,,,,,,,,,,,,,,generated,generated,,1,FEBRUARY,PERENNIAL EDIBLES,edibles,FEBRUARY: Globe Artichoke Wk 3–4 (needs vernalisation) — —,matched
flower,annual,Snapdragons,Snapdragons,Snapdragons,shared-plan,shared-plan,pending-verification,,,,,,,,,,,,,,,,,,,,,generated,generated,,3,JANUARY; APRIL; JUNE,ANNUAL FLOWERS,ornamentals,JANUARY: Snapdragons Late Jan (under lights) — — || APRIL: Snapdragons / Pansies / Stocks — → Transplant cold-🌍 🌍 tolerant after Apr 15 — || JUNE: Marigold / Lobelia / Petunia / Snapdragon — — First annuals blooming🌸,matched
flower,annual,Petunias,Petunias,Petunias,shared-plan,shared-plan,pending-verification,,,,,,,,,,,,,,,,,,,,,generated,generated,,3,JANUARY; MAY; JUNE,ANNUAL FLOWERS,ornamentals,JANUARY: Petunias Late Jan (under lights) — — || MAY: Impatiens / Marigolds / Petunias / Begonias — → All frost-tender 🌍 🌍 annuals outdoors Wk 1–2 — || JUNE: Marigold / Lobelia / Petunia / Snapdragon — — First annuals blooming🌸,matched
flower,annual,Lobelia,Lobelia,Lobelia,shared-plan,shared-plan,pending-verification,,,,,,,,,,,,,,,,,,,,,generated,generated,,2,JANUARY; JUNE,ANNUAL FLOWERS,ornamentals,JANUARY: Lobelia Late Jan (under lights) — — || JUNE: Marigold / Lobelia / Petunia / Snapdragon — — First annuals blooming🌸,matched
flower,annual,Pansy,Pansy,Pansy,shared-plan,shared-plan,pending-verification,,,,,,,,,,,,,,,,,,,,,generated,generated,,3,APRIL; AUGUST; SEPTEMBER,ANNUAL FLOWERS,ornamentals,APRIL: Snapdragons / Pansies / Stocks — → Transplant cold-🌍 🌍 tolerant after Apr 15 — || AUGUST: Calendula / Pansy / Wallflower (for autumn) — Sow now for 🌿 autumn/spring display — || SEPTEMBER: Winter Pansy / Wallflower — Sow outdoors Wk 1–2🌿 —,matched
flower,annual,Stocks,Stocks,Stocks,shared-plan,shared-plan,pending-verification,,,,,,,,,,,,,,,,,,,,,generated,generated,,1,APRIL,ANNUAL FLOWERS,ornamentals,APRIL: Snapdragons / Pansies / Stocks — → Transplant cold-🌍 🌍 tolerant after Apr 15 —,matched
flower,annual,Statice,Statice,Statice,shared-plan,shared-plan,pending-verification,,,,,,,,,,,,,,,,,,,,,generated,generated,,2,FEBRUARY; NOVEMBER,CUT FLOWERS,ornamentals,"FEBRUARY: Statice Wk 2 — — || NOVEMBER: Dried everlastings (Strawflower, Statice) — — Use dried flower store from summer",matched
flower,annual,Antirrhinum,Antirrhinum,Antirrhinum,shared-plan,shared-plan,pending-verification,,,,,,,,,,,,,,,,,,,,,generated,generated,May duplicate Snapdragons depending on source intent.,0,,,,,unmatched
flower,annual,Impatiens,Impatiens,Impatiens,shared-plan,shared-plan,pending-verification,,,,,,,,,,,,,,,,,,,,,generated,generated,,2,MARCH; MAY,ANNUAL FLOWERS,ornamentals,MARCH: Impatiens Wk 1 — — || MAY: Impatiens / Marigolds / Petunias / Begonias — → All frost-tender 🌍 🌍 annuals outdoors Wk 1–2 —,matched
flower,annual,Nicotiana,Nicotiana,Nicotiana,shared-plan,shared-plan,pending-verification,,,,,,,,,,,,,,,,,,,,,generated,generated,,4,MARCH; MAY; JULY; AUGUST,ANNUAL FLOWERS,ornamentals,MARCH: Nicotiana / Cleome Wk 1 — — || MAY: Zinnias / Cosmos / Nicotiana / Cleome — → Transplant Wk 1–2🌍 🌍 — || JULY: Zinnia / Cosmos / Marigold / Cleome / Nicotiana — — Full peak bloom; 🌸 deadhead daily ✄ || AUGUST: Zinnia / Cosmos / Marigold / Cleome / Nicotiana — — Peak late summer; 🌸 deadhead aggressively ✄,matched
flower,annual,Cleome,Cleome,Cleome,shared-plan,shared-plan,pending-verification,,,,,,,,,,,,,,,,,,,,,generated,generated,,4,MARCH; MAY; JULY; AUGUST,ANNUAL FLOWERS,ornamentals,MARCH: Nicotiana / Cleome Wk 1 — — || MAY: Zinnias / Cosmos / Nicotiana / Cleome — → Transplant Wk 1–2🌍 🌍 — || JULY: Zinnia / Cosmos / Marigold / Cleome / Nicotiana — — Full peak bloom; 🌸 deadhead daily ✄ || AUGUST: Zinnia / Cosmos / Marigold / Cleome / Nicotiana — — Peak late summer; 🌸 deadhead aggressively ✄,matched
flower,annual,Larkspur,Larkspur,Larkspur,shared-plan,shared-plan,pending-verification,,,,,,,,,,,,,,,,,,,,,generated,generated,,3,MARCH; APRIL,HARDY PERENNIALS; CUT FLOWERS; ANNUAL FLOWERS,ornamentals,MARCH: Larkspur / Poppy — Direct sow Wk 3–4🌿 — || MARCH: Larkspur — Direct sow outdoors🌿 — || APRIL: Larkspur / Poppy / Nigella / Calendula / Borage — Direct sow Wk 2–4🌿 —,matched
flower,annual,Poppy,Poppy,Poppy,shared-plan,shared-plan,pending-verification,,,,,,,,,,,,,,,,,,,,,generated,generated,Species ambiguity pending.,2,MARCH; APRIL,HARDY PERENNIALS; ANNUAL FLOWERS,ornamentals,MARCH: Larkspur / Poppy — Direct sow Wk 3–4🌿 — || APRIL: Larkspur / Poppy / Nigella / Calendula / Borage — Direct sow Wk 2–4🌿 —,matched
flower,annual,Nigella,Nigella,Nigella,shared-plan,shared-plan,pending-verification,,,,,,,,,,,,,,,,,,,,,generated,generated,,2,APRIL; SEPTEMBER,ANNUAL FLOWERS,ornamentals,APRIL: Larkspur / Poppy / Nigella / Calendula / Borage — Direct sow Wk 2–4🌿 — || SEPTEMBER: Cosmos / Calendula / Nigella (self-seeding) — — Do NOT deadhead last flush — let seed fall,matched
flower,annual,Borage,Borage,Borage,shared-plan,shared-plan,pending-verification,,,,,,,,,,,,,,,,,,,,,generated,generated,,2,APRIL; MAY,ANNUAL FLOWERS,ornamentals,APRIL: Larkspur / Poppy / Nigella / Calendula / Borage — Direct sow Wk 2–4🌿 — || MAY: Zinnia / Cosmos / Nasturtium / Sunflower / Morning Glory / Borage — Direct sow Wk 1–3🌿 —,matched
flower,annual,Cornflower,Cornflower,Cornflower,shared-plan,shared-plan,pending-verification,,,,,,,,,,,,,,,,,,,,,generated,generated,,0,,,,,unmatched
flower,annual,Ammi majus,Ammi majus,Ammi majus,shared-plan,shared-plan,pending-verification,,,,,,,,,,,,,,,,,,,,,generated,generated,,0,,,,,unmatched
flower,annual,Orlaya,Orlaya,Orlaya,shared-plan,shared-plan,pending-verification,,,,,,,,,,,,,,,,,,,,,generated,generated,,0,,,,,unmatched
flower,annual,Celosia,Celosia,Celosia,shared-plan,shared-plan,pending-verification,,,,,,,,,,,,,,,,,,,,,generated,generated,,1,MARCH,CUT FLOWERS,ornamentals,MARCH: Celosia / Strawflower / Scabiosa Wk 1–2 — —,matched
flower,annual,Strawflower,Strawflower,Strawflower,shared-plan,shared-plan,pending-verification,,,,,,,,,,,,,,,,,,,,,generated,generated,,1,MARCH,CUT FLOWERS,ornamentals,MARCH: Celosia / Strawflower / Scabiosa Wk 1–2 — —,matched
flower,annual,Scabiosa,Scabiosa,Scabiosa,shared-plan,shared-plan,pending-verification,,,,,,,,,,,,,,,,,,,,,generated,generated,,1,MARCH,CUT FLOWERS,ornamentals,MARCH: Celosia / Strawflower / Scabiosa Wk 1–2 — —,matched
flower,perennial,Hellebores,Hellebores,Hellebores,shared-plan,shared-plan,pending-verification,,,,,,,,,,,,,,,,,,,,,generated,generated,,3,JANUARY; FEBRUARY; NOVEMBER,HARDY PERENNIALS,ornamentals,JANUARY: Hellebores (Lenten Rose) — — Blooming outdoors; cut🌸 tatty foliage || FEBRUARY: Hellebores — — Peak bloom outdoors🌸 || NOVEMBER: Hellebores (Lenten Rose) — — May begin blooming 🌸 late Nov ❄,matched
flower,perennial,Snowdrops,Snowdrops,Snowdrops,shared-plan,shared-plan,pending-verification,,,,,,,,,,,,,,,,,,,,,generated,generated,,4,JANUARY; FEBRUARY,HARDY PERENNIALS; BULBS & CORMS,ornamentals,"JANUARY: Snowdrops (Galanthus) — — Blooming; divide after 🌸 bloom if congested || JANUARY: Snowdrops (Galanthus) — — Blooming outdoors ❄🌸 || FEBRUARY: Snowdrops — Divide ""in the green"" now Blooming — divide 🌸 congested clumps || FEBRUARY: Snowdrops / early Crocus — — Blooming ❄🌸",matched
flower,perennial,Delphinium,Delphinium,Delphinium,shared-plan,shared-plan,pending-verification,,,,,,,,,,,,,,,,,,,,,generated,generated,,1,FEBRUARY,HARDY PERENNIALS,ornamentals,FEBRUARY: Delphinium Wk 1 — —,matched
flower,perennial,Salvia nemorosa,Salvia nemorosa,Salvia nemorosa,shared-plan,shared-plan,pending-verification,,,,,,,,,,,,,,,,,,,,,generated,generated,,2,FEBRUARY; JUNE,HARDY PERENNIALS,ornamentals,FEBRUARY: Salvia nemorosa Wk 2 — — || JUNE: Lupine / Iris / Salvia nemorosa / Allium — — Peak early summer 🌸 perennials,matched
flower,perennial,Gaillardia,Gaillardia,Gaillardia,shared-plan,shared-plan,pending-verification,,,,,,,,,,,,,,,,,,,,,generated,generated,,1,MARCH,HARDY PERENNIALS,ornamentals,MARCH: Gaillardia Wk 2 — —,matched
flower,perennial,Asters,Asters,Asters,shared-plan,shared-plan,pending-verification,,,,,,,,,,,,,,,,,,,,,generated,generated,,4,MARCH; APRIL; SEPTEMBER; OCTOBER,HARDY PERENNIALS,ornamentals,MARCH: Hostas / Daylilies / Asters — Divide emerging clumps ✄ Emerging from ground || APRIL: Hostas / Daylilies / Asters — Divide established clumps ✄ — || SEPTEMBER: Aster / Tricyrtis (Toad Lily) / Persicaria — — Beautiful autumn 🌸 additions || OCTOBER: Japanese Anemone / Aster / Sedum / Schizostylis — — Fading; leave stems 🌸 for winter interest,matched
flower,perennial,Primula,Primula,Primula,shared-plan,shared-plan,pending-verification,,,,,,,,,,,,,,,,,,,,,generated,generated,,1,APRIL,HARDY PERENNIALS,ornamentals,APRIL: Primula / Wallflower / Aubretia / Iberis — — Blooming🌸,matched
flower,perennial,Wallflower,Wallflower,Wallflower,shared-plan,shared-plan,pending-verification,,,,,,,,,,,,,,,,,,,,,generated,generated,,3,APRIL; AUGUST; SEPTEMBER,HARDY PERENNIALS; ANNUAL FLOWERS,ornamentals,APRIL: Primula / Wallflower / Aubretia / Iberis — — Blooming🌸 || AUGUST: Calendula / Pansy / Wallflower (for autumn) — Sow now for 🌿 autumn/spring display — || SEPTEMBER: Winter Pansy / Wallflower — Sow outdoors Wk 1–2🌿 —,matched
flower,perennial,Aubretia,Aubretia,Aubretia,shared-plan,shared-plan,pending-verification,,,,,,,,,,,,,,,,,,,,,generated,generated,,1,APRIL,HARDY PERENNIALS,ornamentals,APRIL: Primula / Wallflower / Aubretia / Iberis — — Blooming🌸,matched
flower,perennial,Iberis,Iberis,Iberis,shared-plan,shared-plan,pending-verification,,,,,,,,,,,,,,,,,,,,,generated,generated,,1,APRIL,HARDY PERENNIALS,ornamentals,APRIL: Primula / Wallflower / Aubretia / Iberis — — Blooming🌸,matched
flower,bulb,Hyacinths,Hyacinths,Hyacinths,shared-plan,shared-plan,pending-verification,,,,,,,,,,,,,,,,,,,,,generated,generated,Shared plan uses plural form.,1,OCTOBER,BULBS & CORMS,ornamentals,OCTOBER: Daffodil / Hyacinth / Allium / Crocus / Muscari — Plant Wk 1–3🍅 —,matched
flower,bulb,Muscari,Muscari,Muscari,shared-plan,shared-plan,pending-verification,,,,,,,,,,,,,,,,,,,,,generated,generated,,2,OCTOBER; NOVEMBER,BULBS & CORMS,ornamentals,OCTOBER: Daffodil / Hyacinth / Allium / Crocus / Muscari — Plant Wk 1–3🍅 — || NOVEMBER: Daffodil / Crocus / Allium / Muscari / Tulips — Last chance to plant 🍅 Wk 1–2,matched
flower,bulb,Gladiolus,Gladiolus,Gladiolus,shared-plan,shared-plan,pending-verification,,,,,,,,,,,,,,,,,,,,,generated,generated,,1,JULY,BULBS & CORMS,ornamentals,JULY: Oriental / Asiatic Lilies / Gladiolus — — Blooming; stake tall 🌸 varieties,matched
flower,bulb,Anemone,Anemone,Anemone,shared-plan,shared-plan,pending-verification,,,,,,,,,,,,,,,,,,,,,generated,generated,,0,,,,,unmatched
flower,bulb,Camassia,Camassia,Camassia,shared-plan,shared-plan,pending-verification,,,,,,,,,,,,,,,,,,,,,generated,generated,May align with Camas in native list.,0,,,,,unmatched
shrub-tree,,Witch Hazel,Witch Hazel,Witch Hazel,shared-plan,shared-plan,pending-verification,,,,,,,,,,,,,,,,,,,,,generated,generated,,3,JANUARY; FEBRUARY; DECEMBER,SHRUBS & TREES (Ornamental),ornamentals,JANUARY: Witch Hazel (Hamamelis) — — Blooming — fragrant 🌸 winter display || FEBRUARY: Witch Hazel (Hamamelis) — — Blooming — fragrant in🌸 mild spells || DECEMBER: Witch Hazel (Hamamelis) — — Buds swelling; first spidery blooms soon,matched
shrub-tree,,Buddleja,Buddleja,Buddleja,shared-plan,shared-plan,pending-verification,,,,,,,,,,,,,,,,,,,,,generated,generated,,1,JANUARY,SHRUBS & TREES (Ornamental),ornamentals,JANUARY: Buddleja / Hydrangea paniculata — — ✄ Prune hard Jan–Feb,matched
shrub-tree,,Deutzia,Deutzia,Deutzia,shared-plan,shared-plan,pending-verification,,,,,,,,,,,,,,,,,,,,,generated,generated,,0,,,,,unmatched
shrub-tree,,Hydrangea paniculata,Hydrangea paniculata,Hydrangea paniculata,shared-plan,shared-plan,pending-verification,,,,,,,,,,,,,,,,,,,,,generated,generated,,1,JANUARY,SHRUBS & TREES (Ornamental),ornamentals,JANUARY: Buddleja / Hydrangea paniculata — — ✄ Prune hard Jan–Feb,matched
shrub-tree,,Roses,Roses,Roses,shared-plan,shared-plan,pending-verification,,,,,,,,,,,,,,,,,,,,,generated,generated,,8,FEBRUARY; JUNE; JULY; AUGUST; SEPTEMBER,SHRUBS & TREES (Ornamental),ornamentals,FEBRUARY: Roses — — ✄ Light prune late Feb || JUNE: Roses (first flush) / Philadelphus / Weigela / Escallonia — — Peak first flush — 🌸 glorious || JULY: Roses (repeat flush) / Lavender / Hydrangea macrophylla — — Stunning summer 🌸 display || JULY: Roses — — ✄ Deadhead continuously for repeat bloom || AUGUST: Hydrangea (all types) / Roses (second flush) / Fuchsia — — Late summer shrub 🌸 peak || AUGUST: Roses — — ✄ Deadhead; do NOT feed after Aug || SEPTEMBER: Hydrangea / Caryopteris / Perovskia / late Roses — — Beautiful autumn 🌸 colour || SEPTEMBER: Roses / shrubs (general) — — Do NOT prune — leave until spring,matched
shrub-tree,,Forsythia,Forsythia,Forsythia,shared-plan,shared-plan,pending-verification,,,,,,,,,,,,,,,,,,,,,generated,generated,,3,FEBRUARY; MARCH; MAY,SHRUBS & TREES (Ornamental),ornamentals,FEBRUARY: Forsythia — — Buds swelling; bloom imminent || MARCH: Forsythia / Pieris — — Blooming🌸 || MAY: Forsythia / Kerria / Ribes (spring-blooming) — — ✄ Prune after bloom finishes,matched
shrub-tree,,Pieris,Pieris,Pieris,shared-plan,shared-plan,pending-verification,,,,,,,,,,,,,,,,,,,,,generated,generated,,1,MARCH,SHRUBS & TREES (Ornamental),ornamentals,MARCH: Forsythia / Pieris — — Blooming🌸,matched
shrub-tree,,Magnolia,Magnolia,Magnolia,shared-plan,shared-plan,pending-verification,,,,,,,,,,,,,,,,,,,,,generated,generated,,1,APRIL,SHRUBS & TREES (Ornamental),ornamentals,APRIL: Magnolia / Camellia / Rhododendron / Azalea — — Stunning spring 🌸 display,matched
shrub-tree,,Camellia,Camellia,Camellia,shared-plan,shared-plan,pending-verification,,,,,,,,,,,,,,,,,,,,,generated,generated,,1,APRIL,SHRUBS & TREES (Ornamental),ornamentals,APRIL: Magnolia / Camellia / Rhododendron / Azalea — — Stunning spring 🌸 display,matched
shrub-tree,,Rhododendron,Rhododendron,Rhododendron,shared-plan,shared-plan,pending-verification,,,,,,,,,,,,,,,,,,,,,generated,generated,,2,APRIL; MAY,SHRUBS & TREES (Ornamental),ornamentals,APRIL: Magnolia / Camellia / Rhododendron / Azalea — — Stunning spring 🌸 display || MAY: Rhododendron / Azalea / Lilac / Ceanothus / Weigela — — Spectacular blooms🌸,matched
shrub-tree,,Spiraea,Spiraea,Spiraea,shared-plan,shared-plan,pending-verification,,,,,,,,,,,,,,,,,,,,,generated,generated,,0,,,,,unmatched
shrub-tree,,Azalea,Azalea,Azalea,shared-plan,shared-plan,pending-verification,,,,,,,,,,,,,,,,,,,,,generated,generated,,2,APRIL; MAY,SHRUBS & TREES (Ornamental),ornamentals,APRIL: Magnolia / Camellia / Rhododendron / Azalea — — Stunning spring 🌸 display || MAY: Rhododendron / Azalea / Lilac / Ceanothus / Weigela — — Spectacular blooms🌸,matched
shrub-tree,,Kerria,Kerria,Kerria,shared-plan,shared-plan,pending-verification,,,,,,,,,,,,,,,,,,,,,generated,generated,,2,APRIL; MAY,SHRUBS & TREES (Ornamental),ornamentals,"APRIL: Spring-flowering shrubs (Forsythia, Kerria) — — ✄ Prune AFTER bloom; feed roses || MAY: Forsythia / Kerria / Ribes (spring-blooming) — — ✄ Prune after bloom finishes",matched
shrub-tree,,Garry Oak,Garry Oak,Garry Oak,shared-plan,shared-plan,pending-verification,,,,,,,,,,,,,,,,,,,,,generated,generated,Also appears in native list and may need cross-linking.,1,APRIL,BC NATIVE PLANTS,ornamentals,APRIL: Garry Oak — — Leafing out; catkins dropping,matched
vine,,Wisteria,Wisteria,Wisteria,shared-plan,shared-plan,pending-verification,,,,,,,,,,,,,,,,,,,,,generated,generated,,1,AUGUST,SHRUBS & TREES (Ornamental),ornamentals,AUGUST: Wisteria — — ✄ Second summer prune (Aug); cut to 5 leaves,matched
vine,,Clematis Group 3,Clematis (Group 3),Clematis Group 3,shared-plan,shared-plan,pending-verification,,,,,,,,,,,,,,,,,,,,,generated,generated,Pruning-group label rather than a taxon.,0,,,,,unmatched
vine,,Clematis montana,Clematis montana,Clematis montana,shared-plan,shared-plan,pending-verification,,,,,,,,,,,,,,,,,,,,,generated,generated,,1,MAY,CLIMBING VINES,ornamentals,MAY: Clematis montana — — Peak bloom — glorious🌸,matched
vine,,Honeysuckle,Honeysuckle,Honeysuckle,shared-plan,shared-plan,pending-verification,,,,,,,,,,,,,,,,,,,,,generated,generated,,4,APRIL; MAY; JUNE; JULY,CLIMBING VINES,ornamentals,APRIL: Honeysuckle — — Leafing out; new growth vigorous || MAY: Honeysuckle — — In bud; bloom imminent || JUNE: Honeysuckle / Clematis 'Nelly Moser' type / Sweet Peas — — Peak — harvest Sweet 🌸 || JULY: Morning Glory / Clematis viticella / Honeysuckle — — All in gorgeous bloom🌸,matched
vine,,Morning Glory,Morning Glory,Morning Glory,shared-plan,shared-plan,pending-verification,,,,,,,,,,,,,,,,,,,,,generated,generated,,6,MARCH; APRIL; MAY; JULY; AUGUST,CLIMBING VINES; ANNUAL FLOWERS,ornamentals,MARCH: Morning Glory Wk 3 (indoors) — — || APRIL: Morning Glory — Wait until May — || MAY: Zinnia / Cosmos / Nasturtium / Sunflower / Morning Glory / Borage — Direct sow Wk 1–3🌿 — || MAY: Morning Glory / Cobaea scandens — → Transplant 🌍 🌍 outdoors now — || JULY: Morning Glory / Clematis viticella / Honeysuckle — — All in gorgeous bloom🌸 || AUGUST: Clematis viticella / Passion Flower / Morning Glory — — All in full spectacular 🌸 bloom,matched
native,,Osoberry,Osoberry,Osoberry,shared-plan,shared-plan,pending-verification,,,,,,,,,,,,,,,,,,,,,generated,generated,,2,JANUARY; MARCH,BC NATIVE PLANTS,ornamentals,JANUARY: Osoberry (Oemleria) — — Buds beginning to swell; earliest native || MARCH: Osoberry / Trillium — — Emerging — do not 🌸 pick Trillium,matched
native,,Red-flowering Currant,Red-flowering currant,Red-flowering Currant,shared-plan,shared-plan,pending-verification,,,,,,,,,,,,,,,,,,,,,generated,generated,,2,FEBRUARY; MARCH,BC NATIVE PLANTS,ornamentals,FEBRUARY: Red Flowering Currant (Ribes) — — Buds swelling — bloom coming soon || MARCH: Red Flowering Currant (Ribes) — — Blooming — 🌸 hummingbird magnet,matched
native,,Trillium,Trillium,Trillium,shared-plan,shared-plan,pending-verification,,,,,,,,,,,,,,,,,,,,,generated,generated,,1,MARCH,BC NATIVE PLANTS,ornamentals,MARCH: Osoberry / Trillium — — Emerging — do not 🌸 pick Trillium,matched
native,,Bleeding Heart,Bleeding Heart,Bleeding Heart,shared-plan,shared-plan,pending-verification,,,,,,,,,,,,,,,,,,,,,generated,generated,,2,APRIL; MAY,BC NATIVE PLANTS,ornamentals,APRIL: Bleeding Heart (Dicentra) / Pacific Trillium — — Blooming in shaded 🌸 spots || MAY: Camas / Bleeding Heart / Nootka Rose / Bunchberry — — Blooming — peak 🌸 native season,matched
native,,Camas,Camas,Camas,shared-plan,shared-plan,pending-verification,,,,,,,,,,,,,,,,,,,,,generated,generated,May align with Camassia in bulb list.,2,APRIL; MAY,BC NATIVE PLANTS,ornamentals,APRIL: Camas (Camassia) — — Beginning to bloom🌸 || MAY: Camas / Bleeding Heart / Nootka Rose / Bunchberry — — Blooming — peak 🌸 native season,matched
native,,Sword Fern,Sword Fern,Sword Fern,shared-plan,shared-plan,pending-verification,,,,,,,,,,,,,,,,,,,,,generated,generated,,0,,,,,unmatched
